"","Date","Close","Open","High","Low"
"1",2015-03-09,3302.408,3224.314,3307.702,3198.37
"2",2015-03-10,3286.068,3289.085,3309.915,3277.095
"3",2015-03-11,3290.9,3289.594,3325.054,3278.471
"4",2015-03-12,3349.323,3314.813,3360.054,3300.488
"5",2015-03-13,3372.911,3359.488,3391.255,3352.15
"6",2015-03-16,3449.305,3391.158,3449.305,3377.087
"7",2015-03-17,3502.847,3469.603,3504.123,3459.694
"8",2015-03-18,3577.301,3510.501,3577.662,3503.853
"9",2015-03-19,3582.271,3576.019,3600.684,3546.844
"10",2015-03-20,3617.318,3587.084,3632.338,3569.38
"11",2015-03-23,3687.728,3640.104,3688.249,3635.485
"12",2015-03-24,3691.41,3692.569,3715.873,3600.698
"13",2015-03-25,3660.727,3680.953,3693.151,3634.559
"14",2015-03-26,3682.095,3641.942,3707.318,3615.011
"15",2015-03-27,3691.096,3686.134,3710.477,3656.831
"16",2015-03-30,3786.568,3710.612,3795.935,3710.612
"17",2015-03-31,3747.899,3822.987,3835.567,3737.043
"18",2015-04-01,3810.294,3748.34,3817.082,3742.213
"19",2015-04-02,3825.784,3827.689,3835.451,3775.894
"20",2015-04-03,3863.929,3803.383,3864.405,3792.211
"21",2015-04-07,3961.378,3899.42,3961.666,3891.728
"22",2015-04-08,3994.811,3976.532,4000.22,3903.648
"23",2015-04-09,3957.534,4006.13,4016.396,3900.027
"24",2015-04-10,4034.31,3947.492,4040.348,3929.319
"25",2015-04-13,4121.715,4072.723,4128.072,4057.293
"26",2015-04-14,4135.565,4125.782,4168.346,4091.257
"27",2015-04-15,4084.163,4135.648,4175.494,4069.007
"28",2015-04-16,4194.823,4055.916,4195.305,4031.244
"29",2015-04-17,4287.296,4254.723,4317.223,4238.91
"30",2015-04-20,4217.077,4301.352,4356.001,4190.681
"31",2015-04-21,4293.623,4212.185,4294.375,4188.569
"32",2015-04-22,4398.494,4304.597,4400.193,4297.951
"33",2015-04-23,4414.508,4414.485,4444.41,4358.844
"34",2015-04-24,4393.686,4355.951,4416.376,4318.119
"35",2015-04-27,4527.396,4441.929,4529.735,4441.929
"36",2015-04-28,4476.215,4527.635,4572.391,4432.904
"37",2015-04-29,4476.62,4446.119,4499.945,4398.639
"38",2015-04-30,4441.655,4483.013,4507.344,4441.054
"39",2015-05-04,4480.464,4441.343,4487.57,4387.426
"40",2015-05-05,4298.706,4479.848,4488.865,4282.237
"41",2015-05-06,4229.266,4311.641,4376.353,4187.368
"42",2015-05-07,4112.214,4197.896,4213.764,4108.009
"43",2015-05-08,4205.917,4152.984,4206.86,4099.042
"44",2015-05-11,4333.584,4231.271,4334.877,4187.82
"45",2015-05-12,4401.219,4342.37,4402.309,4317.975
"46",2015-05-13,4375.76,4402.378,4415.629,4342.481
"47",2015-05-14,4378.311,4372.816,4397.745,4329.042
"48",2015-05-15,4308.691,4366.822,4366.822,4278.553
"49",2015-05-18,4283.491,4277.895,4324.826,4260.509
"50",2015-05-19,4417.552,4285.777,4418.403,4285.777
"51",2015-05-20,4446.288,4434.979,4520.538,4432.279
"52",2015-05-21,4529.422,4456.435,4530.478,4438.258
"53",2015-05-22,4657.596,4584.984,4658.273,4562.989
"54",2015-05-25,4813.798,4660.075,4814.672,4656.825
"55",2015-05-26,4910.897,4854.85,4911.685,4779.075
"56",2015-05-27,4941.714,4932.846,4958.156,4857.056
"57",2015-05-28,4620.266,4943.742,4986.503,4614.241
"58",2015-05-29,4611.744,4603.465,4698.193,4431.563
"59",2015-06-01,4828.738,4633.098,4829.502,4615.231
"60",2015-06-02,4910.527,4844.704,4911.574,4797.552
"61",2015-06-03,4909.978,4924.381,4942.065,4822.442
"62",2015-06-04,4947.102,4912.945,4947.965,4647.407
"63",2015-06-05,5023.096,5016.088,5051.626,4898.068
"64",2015-06-08,5131.881,5045.694,5146.949,4997.481
"65",2015-06-09,5113.534,5145.978,5147.454,5042.963
"66",2015-06-10,5106.036,5049.197,5164.162,5001.489
"67",2015-06-11,5121.593,5101.44,5122.457,5050.765
"68",2015-06-12,5166.35,5143.343,5178.191,5103.401
"69",2015-06-15,5062.993,5174.418,5176.795,5048.742
"70",2015-06-16,4887.432,5004.412,5029.684,4842.1
"71",2015-06-17,4967.898,4890.551,4983.658,4767.216
"72",2015-06-18,4785.356,4942.52,4966.767,4780.873
"73",2015-06-19,4478.364,4689.929,4744.081,4476.501
"74",2015-06-23,4576.492,4471.613,4577.939,4264.772
"75",2015-06-24,4690.15,4604.579,4691.768,4552.129
"76",2015-06-25,4527.779,4711.763,4720.701,4483.548
"77",2015-06-26,4192.873,4399.933,4456.896,4139.53
"78",2015-06-29,4053.03,4289.771,4297.475,3875.05
"79",2015-06-30,4277.222,4006.754,4279.969,3847.88
"80",2015-07-01,4053.7,4214.15,4317.053,4043.367
"81",2015-07-02,3912.767,4058.624,4080.387,3795.253
"82",2015-07-03,3686.915,3793.712,3927.128,3629.556
"83",2015-07-06,3775.912,3975.214,3975.214,3653.037
"84",2015-07-07,3727.125,3654.778,3750.57,3585.399
"85",2015-07-08,3507.192,3467.399,3599.253,3421.525
"86",2015-07-09,3709.33,3432.454,3748.479,3373.54
"87",2015-07-10,3877.803,3707.458,3959.22,3677.435
"88",2015-07-13,3970.388,3918.99,4030.195,3858.637
"89",2015-07-14,3924.487,3958.373,4035.435,3855.56
"90",2015-07-15,3805.703,3874.968,3914.273,3741.25
"91",2015-07-16,3823.176,3758.505,3877.514,3688.442
"92",2015-07-17,3957.352,3831.421,3994.477,3814.147
"93",2015-07-20,3992.11,3948.421,4021.326,3927.121
"94",2015-07-21,4017.675,3939.898,4041.819,3912.801
"95",2015-07-22,4026.045,3996.427,4042.338,3960.864
"96",2015-07-23,4123.923,4022.268,4132.612,4019.038
"97",2015-07-24,4070.908,4124.755,4184.449,4044.831
"98",2015-07-27,3725.558,3985.57,4051.159,3720.444
"99",2015-07-28,3663.002,3573.143,3762.526,3537.358
"100",2015-07-29,3789.168,3689.825,3792.072,3612.064
"101",2015-07-30,3705.766,3773.788,3844.374,3685.956
"102",2015-07-31,3663.726,3655.667,3729.512,3620.165
"103",2015-08-03,3622.905,3614.99,3648.943,3549.496
"104",2015-08-04,3756.545,3621.855,3757.029,3601.289
"105",2015-08-05,3694.573,3745.646,3782.352,3676.39
"106",2015-08-06,3661.539,3625.504,3710.57,3614.742
"107",2015-08-07,3744.205,3692.614,3756.74,3686.3
"108",2015-08-10,3928.415,3786.033,3943.624,3775.854
"109",2015-08-11,3927.908,3928.808,3970.337,3891.179
"110",2015-08-12,3886.32,3881.228,3937.772,3871.136
"111",2015-08-13,3954.556,3869.911,3955.789,3838.159
"112",2015-08-14,3965.335,3976.405,4000.684,3939.835
"113",2015-08-17,3993.668,3947.844,3994.537,3907.399
"114",2015-08-18,3748.164,3999.134,4006.337,3743.394
"115",2015-08-19,3794.109,3646.803,3811.427,3558.383
"116",2015-08-20,3664.291,3754.567,3788.005,3663.607
"117",2015-08-21,3507.744,3609.959,3652.837,3490.54
"118",2015-08-24,3209.905,3373.478,3388.364,3191.879
"119",2015-08-25,2964.967,3004.126,3123.034,2947.944
"120",2015-08-26,2927.288,2980.794,3092.041,2850.714
"121",2015-08-27,3083.591,2978.03,3085.422,2906.49
"122",2015-08-28,3232.35,3125.264,3235.839,3102.945
"123",2015-08-31,3205.986,3203.559,3207.862,3109.163
"124",2015-09-01,3166.624,3157.832,3180.331,3053.738
"125",2015-09-02,3160.167,3027.678,3194.485,3019.087
"126",2015-09-07,3080.42,3149.38,3217.579,3066.304
"127",2015-09-08,3170.452,3054.444,3174.709,3011.117
"128",2015-09-09,3243.089,3182.552,3256.743,3165.696
"129",2015-09-10,3197.893,3190.553,3243.281,3178.904
"130",2015-09-11,3200.234,3189.479,3223.762,3163.449
"131",2015-09-14,3114.798,3221.165,3229.482,3049.23
"132",2015-09-15,3005.172,3043.805,3081.703,2983.92
"133",2015-09-16,3152.263,2998.036,3182.934,2983.535
"134",2015-09-17,3086.061,3131.982,3204.702,3085.314
"135",2015-09-18,3097.917,3100.28,3122.048,3070.336
"136",2015-09-21,3156.54,3072.094,3159.883,3060.856
"137",2015-09-22,3185.619,3161.318,3213.476,3152.481
"138",2015-09-23,3115.888,3137.723,3164.041,3104.744
"139",2015-09-24,3142.687,3126.491,3151.165,3109.691
"140",2015-09-25,3092.347,3130.851,3149.948,3062.995
"141",2015-09-28,3100.756,3085.567,3103.069,3042.31
"142",2015-09-29,3038.137,3055.218,3068.298,3021.157
"143",2015-09-30,3052.781,3052.841,3073.3,3039.742
"144",2015-10-08,3143.357,3156.075,3172.281,3133.127
"145",2015-10-09,3183.152,3146.644,3192.717,3137.788
"146",2015-10-12,3287.662,3193.54,3318.714,3188.407
"147",2015-10-13,3293.23,3262.156,3298.626,3253.249
"148",2015-10-14,3262.441,3280.02,3307.315,3256.253
"149",2015-10-15,3338.073,3255.032,3338.297,3254.392
"150",2015-10-16,3391.352,3358.297,3393.018,3334.854
"151",2015-10-19,3386.7,3401.627,3423.402,3355.566
"152",2015-10-20,3425.33,3377.547,3425.516,3357.861
"153",2015-10-21,3320.676,3428.561,3447.258,3265.436
"154",2015-10-22,3368.739,3292.291,3373.776,3282.993
"155",2015-10-23,3412.434,3377.548,3422.022,3360.218
"156",2015-10-26,3429.581,3448.649,3457.517,3402
"157",2015-10-27,3434.336,3409.137,3441.565,3332.616
"158",2015-10-28,3375.196,3417.011,3439.758,3367.231
"159",2015-10-29,3387.315,3387.774,3411.714,3362.509
"160",2015-10-30,3382.561,3380.284,3417.201,3346.591
"161",2015-11-02,3325.085,3337.578,3391.064,3322.312
"162",2015-11-03,3316.695,3330.316,3346.275,3302.184
"163",2015-11-04,3459.64,3325.619,3459.646,3325.619
"164",2015-11-05,3522.819,3459.215,3585.657,3455.525
"165",2015-11-06,3590.032,3514.436,3596.382,3508.827
"166",2015-11-09,3646.881,3588.498,3673.76,3588.498
"167",2015-11-10,3640.485,3617.396,3669.533,3607.891
"168",2015-11-11,3650.249,3635.004,3654.877,3605.621
"169",2015-11-12,3632.902,3656.817,3659.315,3603.228
"170",2015-11-13,3580.839,3600.764,3632.556,3564.809
"171",2015-11-16,3606.957,3522.461,3607.612,3519.421
"172",2015-11-17,3604.795,3629.977,3678.273,3598.068
"173",2015-11-18,3568.468,3605.061,3617.069,3558.697
"174",2015-11-19,3617.062,3573.776,3618.213,3561.044
"175",2015-11-20,3630.5,3620.791,3640.529,3607.915
"176",2015-11-23,3610.315,3630.867,3654.754,3598.871
"177",2015-11-24,3616.113,3602.887,3616.484,3563.104
"178",2015-11-25,3647.93,3614.068,3648.367,3607.518
"179",2015-11-26,3635.552,3659.574,3668.376,3629.865
"180",2015-11-27,3436.303,3616.544,3621.897,3412.427
"181",2015-11-30,3445.405,3433.855,3470.371,3327.812
"182",2015-12-01,3456.309,3442.441,3483.414,3417.545
"183",2015-12-02,3536.905,3450.278,3538.847,3427.661
"184",2015-12-03,3584.824,3525.727,3591.73,3517.23
"185",2015-12-04,3524.992,3558.149,3568.97,3510.412
"186",2015-12-07,3536.927,3529.806,3543.945,3506.625
"187",2015-12-08,3470.07,3518.648,3518.648,3466.79
"188",2015-12-09,3472.439,3462.583,3495.702,3454.879
"189",2015-12-10,3455.495,3469.806,3503.654,3446.273
"190",2015-12-11,3434.581,3441.597,3455.548,3410.924
"191",2015-12-14,3520.668,3403.507,3521.779,3399.28
"192",2015-12-15,3510.354,3518.126,3529.961,3496.854
"193",2015-12-16,3516.187,3522.091,3538.689,3506.291
"194",2015-12-17,3579.999,3533.628,3583.408,3533.628
"195",2015-12-18,3578.964,3574.94,3614.698,3568.161
"196",2015-12-21,3642.472,3568.581,3651.056,3565.751
"197",2015-12-22,3651.767,3645.99,3652.635,3616.87
"198",2015-12-23,3636.089,3653.282,3684.567,3633.025
"199",2015-12-24,3612.485,3631.313,3640.221,3572.277
"200",2015-12-25,3627.914,3614.054,3635.256,3601.738
"201",2015-12-28,3533.779,3635.769,3641.588,3533.779
"202",2015-12-29,3563.736,3528.395,3564.171,3515.52
"203",2015-12-30,3572.876,3566.731,3573.684,3538.112
"204",2015-12-31,3539.182,3570.467,3580.602,3538.353
"205",2016-01-04,3296.258,3536.589,3538.689,3295.741
"206",2016-01-05,3287.711,3196.651,3328.139,3189.605
"207",2016-01-06,3361.84,3291.195,3362.974,3288.933
"208",2016-01-07,3125.002,3309.657,3309.657,3115.885
"209",2016-01-08,3186.412,3194.625,3235.451,3056.878
"210",2016-01-11,3016.704,3131.853,3166.215,3016.697
"211",2016-01-12,3022.861,3026.159,3047.664,2978.463
"212",2016-01-13,2949.597,3041.107,3059.015,2949.29
"213",2016-01-14,3007.649,2874.049,3012.293,2867.553
"214",2016-01-15,2900.97,2988.048,3001.708,2883.868
"215",2016-01-18,2913.837,2847.539,2945.45,2844.704
"216",2016-01-19,3007.739,2914.408,3012.068,2906.404
"217",2016-01-20,2976.694,2993.014,3016.283,2951.922
"218",2016-01-21,2880.482,2934.391,2998.79,2880.085
"219",2016-01-22,2916.562,2911.112,2931.359,2851.733
"220",2016-01-25,2938.515,2934.078,2955.783,2911.829
"221",2016-01-26,2749.785,2907.718,2911.991,2743.839
"222",2016-01-27,2735.56,2756.08,2768.77,2638.3
"223",2016-01-28,2655.66,2711.16,2740.54,2647.49
"224",2016-01-29,2737.6,2652.85,2755.37,2649.79
"225",2016-02-01,2688.854,2730.984,2735.255,2655.623
"226",2016-02-02,2749.57,2687.982,2755.159,2687.982
"227",2016-02-03,2739.247,2719.574,2746.072,2696.884
"228",2016-02-04,2781.023,2751.432,2793.298,2751.314
"229",2016-02-05,2763.492,2783.076,2790.061,2762.16
"230",2016-02-15,2746.196,2684.961,2760.359,2682.09
"231",2016-02-16,2836.571,2758.579,2840.622,2758.579
"232",2016-02-17,2867.338,2829.764,2868.701,2824.356
"233",2016-02-18,2862.893,2881.777,2893.215,2857.699
"234",2016-02-19,2860.021,2854.904,2872.724,2840.488
"235",2016-02-22,2927.175,2888.598,2933.964,2880.347
"236",2016-02-23,2903.331,2925.708,2928.048,2872.282
"237",2016-02-24,2928.896,2889.885,2929.871,2872.274
"238",2016-02-25,2741.245,2922.237,2922.237,2729.851
"239",2016-02-26,2767.21,2760.058,2784.753,2715.874
"240",2016-02-29,2687.979,2754.814,2755.89,2638.963
"241",2016-03-01,2733.17,2688.38,2747.562,2668.757
"242",2016-03-02,2849.681,2733.767,2852.7,2732.539
"243",2016-03-03,2859.758,2847.331,2878.445,2840.874
"244",2016-03-04,2874.147,2848.538,2880.372,2808.849
"245",2016-03-07,2897.34,2886.64,2911.839,2871.346
"246",2016-03-08,2901.387,2895.666,2902.621,2802.563
"247",2016-03-09,2862.556,2839.411,2863.015,2811.718
"248",2016-03-10,2804.726,2847.567,2863.176,2803.476
"249",2016-03-11,2810.307,2781.6,2815.607,2772.551
"250",2016-03-14,2859.499,2830.084,2889.816,2823.028
"251",2016-03-15,2864.368,2853.978,2865.787,2819.795
"252",2016-03-16,2870.43,2858.709,2881.529,2854.192
"253",2016-03-17,2904.832,2875.411,2921,2857.191
"254",2016-03-18,2955.15,2915.518,2971.551,2908.742
"255",2016-03-21,3018.802,2978.455,3028.322,2973.758
"256",2016-03-22,2999.363,3001.63,3019.101,2988.426
"257",2016-03-23,3009.96,2991.169,3012.56,2980.855
"258",2016-03-24,2960.97,2986.801,2998.154,2960.537
"259",2016-03-25,2979.434,2956.2,2981.408,2952.106
"260",2016-03-28,2957.82,2988.01,3008.168,2948.526
"261",2016-03-29,2919.832,2956.705,2962.203,2905.251
"262",2016-03-30,3000.645,2941.218,3001.106,2941.218
"263",2016-03-31,3003.915,3009.367,3023.409,2992.916
"264",2016-04-01,3009.53,2997.088,3009.673,2956.247
"265",2016-04-05,3053.065,3000.938,3057.33,2993.148
"266",2016-04-06,3050.592,3039.745,3059.794,3029.005
"267",2016-04-07,3008.42,3058.339,3062.358,3007.06
"268",2016-04-08,2984.958,2988.2,2996.171,2960.46
"269",2016-04-11,3033.957,3006.909,3048.977,3006.909
"270",2016-04-12,3023.646,3031.301,3036.825,3001.315
"271",2016-04-13,3066.638,3041.358,3097.165,3041.358
"272",2016-04-14,3082.362,3080.09,3086.698,3056.989
"273",2016-04-15,3078.117,3085.026,3089.951,3066.872
"274",2016-04-18,3033.66,3058.463,3058.463,3022.97
"275",2016-04-19,3042.823,3047.133,3054.503,3024.895
"276",2016-04-20,2972.584,3050.381,3055.689,2905.049
"277",2016-04-21,2952.891,2954.37,2990.673,2943.464
"278",2016-04-22,2959.24,2933.035,2960.209,2926.776
"279",2016-04-25,2946.67,2949.973,2954.092,2917.02
"280",2016-04-26,2964.7,2944.716,2965.429,2933.971
"281",2016-04-27,2953.671,2967.19,2976.022,2949.432
"282",2016-04-28,2945.589,2955.742,2959.512,2916.374
"283",2016-04-29,2938.324,2935.376,2950.576,2930.357
"284",2016-05-03,2992.643,2940.392,2993.535,2929.815
"285",2016-05-04,2991.272,2983.027,3004.418,2978.33
"286",2016-05-05,2997.842,2987.022,2999.118,2977.2
"287",2016-05-06,2913.248,2998.402,3003.59,2913.036
"288",2016-05-09,2832.113,2896.162,2896.162,2821.826
"289",2016-05-10,2832.591,2822.327,2845.238,2820.164
"290",2016-05-11,2837.037,2843.545,2857.254,2818.699
"291",2016-05-12,2835.862,2812.108,2839.276,2781.236
"292",2016-05-13,2827.109,2828.462,2850.093,2814.115
"293",2016-05-16,2850.862,2816.775,2851.229,2804.991
"294",2016-05-17,2843.684,2850.926,2860.321,2832.459
"295",2016-05-18,2807.514,2828.178,2828.255,2781.417
"296",2016-05-19,2806.906,2802.315,2829.402,2801.548
"297",2016-05-20,2825.483,2792.888,2825.952,2785.08
"298",2016-05-23,2843.645,2826.312,2848.071,2826.256
"299",2016-05-24,2821.666,2839.682,2839.695,2807.188
"300",2016-05-25,2815.086,2835.029,2843.165,2807.749
"301",2016-05-26,2822.443,2813.543,2827.092,2780.763
"302",2016-05-27,2821.046,2817.968,2832.799,2809.799
"303",2016-05-30,2822.451,2814.651,2830.97,2794.661
"304",2016-05-31,2916.616,2822.593,2917.135,2822.593
"305",2016-06-01,2913.508,2917.154,2929.076,2909.512
"306",2016-06-02,2925.229,2911.219,2925.67,2906.524
"307",2016-06-03,2938.682,2929.788,2945.519,2915.185
"308",2016-06-06,2934.098,2940.994,2945.942,2922.283
"309",2016-06-07,2936.045,2936.282,2938.444,2923.502
"310",2016-06-08,2927.159,2932.376,2937.986,2908.367
"311",2016-06-13,2833.071,2897.273,2911.158,2832.507
"312",2016-06-14,2842.189,2824.229,2843.456,2822.061
"313",2016-06-15,2887.21,2814.693,2894.264,2811.781
"314",2016-06-16,2872.817,2878.402,2887.743,2865.388
"315",2016-06-17,2885.105,2873.009,2900.299,2872.185
"316",2016-06-20,2888.809,2887.636,2891.658,2864.02
"317",2016-06-21,2878.558,2898.384,2919.302,2869.176
"318",2016-06-22,2905.55,2872.734,2905.978,2869.513
"319",2016-06-23,2891.96,2902.398,2904.112,2878.661
"320",2016-06-24,2854.286,2883.759,2899.569,2807.598
"321",2016-06-27,2895.703,2840.559,2895.731,2840.277
"322",2016-06-28,2912.557,2885.011,2913.582,2878.824
"323",2016-06-29,2931.592,2918.534,2933.997,2915.062
"324",2016-06-30,2929.606,2931.481,2938.137,2922.312
"325",2016-07-01,2932.476,2931.802,2944.989,2925.81
"326",2016-07-04,2988.604,2924.293,2992.498,2922.52
"327",2016-07-05,3006.392,2991.752,3010.275,2990.642
"328",2016-07-06,3017.292,2998.521,3017.652,2984.828
"329",2016-07-07,3016.847,3009.353,3024.109,2994.643
"330",2016-07-08,2988.094,3000.326,3001.551,2983.881
"331",2016-07-11,2994.917,2993.749,3022.944,2990.907
"332",2016-07-12,3049.381,2992.52,3049.681,2984.421
"333",2016-07-13,3060.689,3049.513,3069.047,3048.199
"334",2016-07-14,3054.018,3054.975,3057.046,3036.523
"335",2016-07-15,3054.296,3056.682,3062.683,3044.538
"336",2016-07-18,3043.564,3047.637,3058.321,3031.639
"337",2016-07-19,3036.598,3040.226,3043.6,3014.289
"338",2016-07-20,3027.9,3034.714,3042.997,3022.631
"339",2016-07-21,3039.009,3027.604,3053.334,3027.368
"340",2016-07-22,3012.816,3038.118,3039.27,3007.457
"341",2016-07-25,3015.828,3008.094,3027.123,3003.292
"342",2016-07-26,3050.166,3014.04,3050.615,3013.802
"343",2016-07-27,2991.999,3050.368,3057.424,2939.227
"344",2016-07-28,2994.323,2980.501,3003.363,2968.182
"345",2016-07-29,2979.339,2992.536,3000.055,2972.917
"346",2016-08-01,2953.385,2971.949,2972.875,2931.963
"347",2016-08-02,2971.279,2950.08,2971.279,2946.637
"348",2016-08-03,2978.461,2963.215,2981.156,2956.786
"349",2016-08-04,2982.426,2976.41,2982.86,2958.933
"350",2016-08-05,2976.696,2978.778,2991.677,2971.564
"351",2016-08-08,3004.277,2972.625,3004.718,2959.048
"352",2016-08-09,3025.681,3001.306,3025.911,2998.677
"353",2016-08-10,3018.746,3023.472,3033.196,3017.09
"354",2016-08-11,3002.638,3013.678,3038.048,3001.168
"355",2016-08-12,3050.667,3000.273,3051.054,2999.039
"356",2016-08-15,3125.195,3056.484,3137.476,3053.871
"357",2016-08-16,3110.037,3130.533,3140.441,3102.065
"358",2016-08-17,3109.555,3106.991,3114.255,3090.281
"359",2016-08-18,3104.114,3107.753,3125.581,3093.317
"360",2016-08-19,3108.102,3100.391,3113.344,3082.771
"361",2016-08-22,3084.805,3107.381,3112.74,3083.593
"362",2016-08-23,3089.706,3081.572,3101.11,3073.529
"363",2016-08-24,3085.88,3092.02,3097.148,3079.548
"364",2016-08-25,3068.329,3073.444,3073.444,3041.505
"365",2016-08-26,3070.309,3069.85,3087.652,3063.894
"366",2016-08-29,3070.027,3068.46,3074.943,3058.785
"367",2016-08-30,3074.677,3071.44,3082.988,3065.971
"368",2016-08-31,3085.491,3072.916,3087.698,3063.396
"369",2016-09-01,3063.305,3083.961,3088.704,3062.876
"370",2016-09-02,3067.352,3057.495,3072.526,3050.492
"371",2016-09-05,3072.095,3070.707,3085.485,3065.329
"372",2016-09-06,3090.713,3071.055,3095.509,3053.187
"373",2016-09-07,3091.928,3091.329,3105.678,3087.879
"374",2016-09-08,3095.954,3089.953,3096.783,3083.902
"375",2016-09-09,3078.855,3095.427,3101.792,3078.218
"376",2016-09-12,3021.977,3037.507,3040.952,2999.929
"377",2016-09-13,3023.51,3025.035,3029.721,3008.741
"378",2016-09-14,3002.849,3008.904,3017.945,2995.416
"379",2016-09-19,3026.051,3005.323,3026.651,3005.323
"380",2016-09-20,3023,3027.172,3027.817,3015.88
"381",2016-09-21,3025.874,3021.576,3032.45,3017.541
"382",2016-09-22,3042.313,3038.422,3054.435,3035.07
"383",2016-09-23,3033.896,3044.786,3046.805,3032.802
"384",2016-09-26,2980.43,3028.243,3028.243,2980.117
"385",2016-09-27,2998.172,2974.593,2998.233,2969.132
"386",2016-09-28,2987.858,3000.695,3000.695,2984.321
"387",2016-09-29,2998.483,2992.168,3009.198,2991.909
"388",2016-09-30,3004.703,2994.251,3009.195,2993.062
"389",2016-10-10,3048.143,3020.457,3048.236,3014.62
"390",2016-10-11,3065.25,3051.622,3066.104,3048.018
"391",2016-10-12,3058.498,3057.316,3060.514,3048.888
"392",2016-10-13,3061.346,3057.972,3064.999,3052.64
"393",2016-10-14,3063.809,3056.993,3064.79,3043.184
"394",2016-10-17,3041.166,3064.691,3068.812,3033.753
"395",2016-10-18,3083.875,3037.404,3084.187,3037.404
"396",2016-10-19,3084.719,3085.749,3096.223,3076.771
"397",2016-10-20,3084.458,3084.908,3089.682,3076.295
"398",2016-10-21,3090.941,3081.389,3101.849,3069.267
"399",2016-10-24,3128.247,3092.047,3137.034,3090.786
"400",2016-10-25,3131.939,3127.968,3132.505,3121.05
"401",2016-10-26,3116.312,3129.838,3129.838,3110.387
"402",2016-10-27,3112.35,3112.603,3114.759,3100.392
"403",2016-10-28,3104.27,3111.704,3128.643,3101.237
"404",2016-10-31,3100.492,3097.188,3102.302,3081.072
"405",2016-11-01,3122.436,3101.664,3122.615,3097.042
"406",2016-11-02,3102.733,3115.729,3118.977,3099.82
"407",2016-11-03,3128.936,3096.765,3140.93,3094.103
"408",2016-11-04,3125.317,3126.349,3141.334,3119.535
"409",2016-11-07,3133.333,3124.892,3139.202,3117.096
"410",2016-11-08,3147.888,3140.944,3156.881,3134.955
"411",2016-11-09,3128.37,3146.078,3146.95,3096.947
"412",2016-11-10,3171.282,3148.544,3172.309,3148.544
"413",2016-11-11,3196.044,3169.401,3202.74,3166.07
"414",2016-11-14,3210.371,3187.709,3221.458,3186.796
"415",2016-11-15,3206.986,3209.955,3214.292,3195.035
"416",2016-11-16,3205.057,3208.497,3210.893,3195.411
"417",2016-11-17,3208.453,3198.499,3211.053,3187.206
"418",2016-11-18,3192.856,3207.193,3212.394,3187.496
"419",2016-11-21,3218.148,3188.496,3229.757,3188.28
"420",2016-11-22,3248.352,3220.983,3249.677,3220.983
"421",2016-11-23,3241.137,3247.945,3262.879,3231.586
"422",2016-11-24,3241.736,3237.428,3257.857,3232.869
"423",2016-11-25,3261.938,3241.243,3262.438,3209.598
"424",2016-11-28,3277,3270.047,3288.337,3267.674
"425",2016-11-29,3282.924,3269.234,3301.213,3263.397
"426",2016-11-30,3250.034,3272.142,3277.269,3239.521
"427",2016-12-01,3273.309,3257.027,3279.671,3256.256
"428",2016-12-02,3243.843,3270.121,3279.714,3235.277
"429",2016-12-05,3204.709,3203.784,3219.518,3194.879
"430",2016-12-06,3199.647,3202.029,3215.311,3196.525
"431",2016-12-07,3222.242,3198.475,3222.428,3189.485
"432",2016-12-08,3215.366,3225.55,3228.122,3211.471
"433",2016-12-09,3232.883,3209.34,3244.801,3207.043
"434",2016-12-12,3152.97,3233.666,3245.095,3149.896
"435",2016-12-13,3155.037,3138.988,3162.496,3118.712
"436",2016-12-14,3140.531,3149.377,3170.021,3136.348
"437",2016-12-15,3117.677,3125.757,3138.779,3100.913
"438",2016-12-16,3122.982,3111.515,3128.874,3106.346
"439",2016-12-19,3118.085,3120.696,3125.284,3110.082
"440",2016-12-20,3102.876,3115.898,3117.015,3084.8
"441",2016-12-21,3137.43,3107.24,3140.251,3107.24
"442",2016-12-22,3139.558,3132.156,3143.169,3126.887
"443",2016-12-23,3110.154,3134.929,3138.404,3103.748
"444",2016-12-26,3122.569,3095.579,3122.881,3068.415
"445",2016-12-27,3114.664,3117.387,3127.883,3113.745
"446",2016-12-28,3102.236,3113.767,3118.782,3094.549
"447",2016-12-29,3096.097,3095.845,3111.799,3087.344
"448",2016-12-30,3103.637,3097.345,3108.839,3089.989
"449",2017-01-03,3135.921,3105.309,3136.456,3105.309
"450",2017-01-04,3158.794,3133.787,3160.103,3130.115
"451",2017-01-05,3165.411,3157.906,3168.502,3154.281
"452",2017-01-06,3154.321,3163.776,3172.035,3153.025
"453",2017-01-09,3171.236,3148.532,3173.136,3147.735
"454",2017-01-10,3161.671,3167.57,3174.578,3157.332
"455",2017-01-11,3136.754,3156.686,3167.029,3136.267
"456",2017-01-12,3119.289,3133.602,3144.97,3115.979
"457",2017-01-13,3112.764,3116.083,3130.515,3102.163
"458",2017-01-16,3103.428,3104.492,3105.142,3044.291
"459",2017-01-17,3108.775,3087.03,3108.907,3072.338
"460",2017-01-18,3113.012,3104.766,3123.72,3098.586
"461",2017-01-19,3101.299,3104.972,3115.778,3094.006
"462",2017-01-20,3123.139,3095.819,3125.66,3095.215
"463",2017-01-23,3136.775,3125.421,3145.841,3125.421
"464",2017-01-24,3142.553,3134.592,3149.531,3131.218
"465",2017-01-25,3149.555,3137.646,3151.472,3133.191
"466",2017-01-26,3159.166,3149.217,3163.104,3148.908
"467",2017-02-03,3140.17,3160.082,3162.677,3136.013
"468",2017-02-06,3156.984,3143.093,3158.843,3135.387
"469",2017-02-07,3153.088,3154.405,3159.544,3140.036
"470",2017-02-08,3166.982,3148.086,3167.447,3132.033
"471",2017-02-09,3183.179,3164.688,3186.838,3162.574
"472",2017-02-10,3196.699,3183.007,3205.049,3182.802
"473",2017-02-13,3216.839,3198.995,3219.407,3198.995
"474",2017-02-14,3217.928,3216.137,3219.405,3205.285
"475",2017-02-15,3212.986,3215.464,3235.998,3206.561
"476",2017-02-16,3229.618,3210.357,3230.275,3207.785
"477",2017-02-17,3202.076,3227.707,3238.396,3199.425
"478",2017-02-20,3239.961,3198.963,3241.458,3198.963
"479",2017-02-21,3253.326,3242.223,3254.336,3239.878
"480",2017-02-22,3261.218,3252.69,3261.381,3243.84
"481",2017-02-23,3251.375,3258.832,3264.082,3236.355
"482",2017-02-24,3253.433,3246.86,3253.956,3233.535
"483",2017-02-27,3228.66,3249.195,3251.654,3224.088
"484",2017-02-28,3241.733,3225.969,3242.679,3225.969
"485",2017-03-01,3246.934,3240.073,3259.978,3237.871
"486",2017-03-02,3230.028,3250.518,3256.807,3228.665
"487",2017-03-03,3218.312,3219.202,3221.155,3206.613
"488",2017-03-06,3233.866,3217.335,3234.663,3215.067
"489",2017-03-07,3242.406,3233.094,3242.659,3226.822
"490",2017-03-08,3240.665,3240.532,3245.304,3230.608
"491",2017-03-09,3216.746,3233.701,3233.875,3205.279
"492",2017-03-10,3212.76,3213.729,3222.319,3208.447
"493",2017-03-13,3237.024,3209.449,3237.121,3193.157
"494",2017-03-14,3239.328,3235.252,3246.329,3231.521
"495",2017-03-15,3241.76,3235.403,3243.713,3227.738
"496",2017-03-16,3268.935,3247.163,3269.77,3247.163
"497",2017-03-17,3237.447,3271.867,3274.19,3232.281
"498",2017-03-20,3250.808,3241.11,3251.127,3228.118
"499",2017-03-21,3261.611,3250.247,3262.221,3246.696
"500",2017-03-22,3245.22,3246.223,3255.778,3229.128
"501",2017-03-23,3248.55,3245.808,3262.091,3221.934
"502",2017-03-24,3269.445,3247.35,3275.207,3241.123
"503",2017-03-27,3266.955,3268.924,3283.239,3262.118
"504",2017-03-28,3252.948,3265.634,3265.634,3246.086
"505",2017-03-29,3241.314,3252.865,3262.098,3233.28
"506",2017-03-30,3210.237,3235.137,3240.017,3195.852
"507",2017-03-31,3222.514,3206.253,3226.248,3205.537
"508",2017-04-05,3270.305,3235.66,3270.645,3233.237
"509",2017-04-06,3281.005,3272.193,3286.674,3265.765
"510",2017-04-07,3286.616,3280.624,3295.187,3275.051
"511",2017-04-10,3269.393,3285.459,3285.459,3265.012
"512",2017-04-11,3288.966,3266.222,3290.389,3244.405
"513",2017-04-12,3273.83,3283.837,3284.934,3262.277
"514",2017-04-13,3275.96,3265.218,3281.137,3261.49
"515",2017-04-14,3246.067,3276.138,3276.711,3238.896
"516",2017-04-17,3222.167,3229.949,3229.949,3199.912
"517",2017-04-18,3196.713,3215.396,3225.055,3196.488
"518",2017-04-19,3170.687,3184.666,3189.437,3147.066
"519",2017-04-20,3172.1,3165.665,3178.183,3148.184
"520",2017-04-21,3173.151,3170.29,3180.794,3158.629
"521",2017-04-24,3129.531,3164.248,3164.248,3111.215
"522",2017-04-25,3134.567,3123.894,3145.267,3117.449
"523",2017-04-26,3140.847,3132.918,3152.953,3131.418
"524",2017-04-27,3152.187,3131.35,3155.003,3097.333
"525",2017-04-28,3154.658,3144.022,3154.727,3136.578
"526",2017-05-02,3143.712,3147.228,3154.781,3136.539
"527",2017-05-03,3135.346,3138.307,3148.286,3123.751
"528",2017-05-04,3127.369,3127.106,3143.818,3111.391
"529",2017-05-05,3103.038,3114.774,3117.614,3092.092
"530",2017-05-08,3078.613,3090.065,3093.452,3067.694
"531",2017-05-09,3080.527,3064.848,3084.208,3056.558
"532",2017-05-10,3052.785,3078.173,3090.819,3051.59
"533",2017-05-11,3061.5,3036.789,3063.564,3016.531
"534",2017-05-12,3083.513,3054.112,3090.491,3051.871
"535",2017-05-15,3090.229,3085.932,3098.913,3085.932
"536",2017-05-16,3112.964,3082.872,3113.512,3060.534
"537",2017-05-17,3104.442,3107.802,3119.582,3101.295
"538",2017-05-18,3090.139,3082.329,3103.441,3077.963
"539",2017-05-19,3090.631,3086.705,3095.483,3081.278
"540",2017-05-22,3075.676,3087.171,3103.938,3063.153
"541",2017-05-23,3061.947,3069.394,3084.235,3050.842
"542",2017-05-24,3064.076,3047.568,3064.813,3022.303
"543",2017-05-25,3107.831,3055.343,3114.658,3052.831
"544",2017-05-26,3110.059,3101.286,3120.663,3100.388
"545",2017-05-31,3117.178,3125.325,3143.279,3111.556
"546",2017-06-01,3102.623,3108.421,3113.521,3097.679
"547",2017-06-02,3105.54,3094.225,3110.389,3081.849
"548",2017-06-05,3091.656,3102.11,3105.506,3084.83
"549",2017-06-06,3102.126,3084.54,3102.863,3078.787
"550",2017-06-07,3140.325,3101.761,3140.774,3098.951
"551",2017-06-08,3150.334,3136.471,3153.264,3132.828
"552",2017-06-09,3158.4,3147.453,3165.92,3146.108
"553",2017-06-12,3139.877,3149.527,3164.95,3135.314
"554",2017-06-13,3153.743,3134.009,3155.99,3131.043
"555",2017-06-14,3130.674,3146.748,3149.173,3125.355
"556",2017-06-15,3132.486,3125.587,3137.585,3117.084
"557",2017-06-16,3123.166,3126.373,3134.251,3117.857
"558",2017-06-19,3144.374,3122.158,3146.77,3121.779
"559",2017-06-20,3140.014,3148.019,3150.465,3134.611
"560",2017-06-21,3156.212,3148.986,3157.028,3132.617
"561",2017-06-22,3147.453,3152.242,3186.982,3146.643
"562",2017-06-23,3157.873,3138.444,3158.047,3118.095
"563",2017-06-26,3185.444,3157.002,3187.889,3156.977
"564",2017-06-27,3191.197,3183.42,3193.461,3172.463
"565",2017-06-28,3173.201,3183.633,3193.44,3170.786
"566",2017-06-29,3188.063,3174.981,3188.774,3174.284
"567",2017-06-30,3192.427,3176.948,3193.241,3171.57
"568",2017-07-03,3195.912,3191.998,3196.286,3177.024
"569",2017-07-04,3182.804,3192.889,3193.064,3174.314
"570",2017-07-05,3207.134,3179.217,3207.31,3174.708
"571",2017-07-06,3212.444,3203.863,3215.95,3188.773
"572",2017-07-07,3217.957,3203.823,3219.523,3195.291
"573",2017-07-10,3212.632,3208.463,3223.34,3203.209
"574",2017-07-11,3203.038,3201.517,3226.908,3199.224
"575",2017-07-12,3197.544,3201.929,3215.196,3177.935
"576",2017-07-13,3218.163,3192.362,3219.268,3190.339
"577",2017-07-14,3222.417,3212.032,3222.978,3204.853
"578",2017-07-17,3176.465,3219.791,3230.354,3139.504
"579",2017-07-18,3187.567,3159.732,3187.671,3150.128
"580",2017-07-19,3230.976,3181.402,3232.941,3179.73
"581",2017-07-20,3244.865,3227.506,3246.236,3225.433
"582",2017-07-21,3237.982,3236.588,3247.712,3231.956
"583",2017-07-24,3250.599,3230.898,3261.105,3230.071
"584",2017-07-25,3243.689,3249.138,3261.645,3233.138
"585",2017-07-26,3247.675,3244.461,3264.848,3228.039
"586",2017-07-27,3249.781,3243.765,3251.926,3220.637
"587",2017-07-28,3253.24,3240.173,3256.371,3232.963
"588",2017-07-31,3273.028,3252.752,3276.946,3251.194
"589",2017-08-01,3292.638,3274.369,3292.638,3273.504
"590",2017-08-02,3285.057,3288.518,3305.431,3282.038
"591",2017-08-03,3272.929,3279.986,3293.369,3262.155
"592",2017-08-04,3262.081,3269.318,3287.193,3261.307
"593",2017-08-07,3279.457,3257.67,3280.104,3243.715
"594",2017-08-08,3281.873,3277.189,3285.483,3269.658
"595",2017-08-09,3275.573,3277.808,3277.943,3263.847
"596",2017-08-10,3261.749,3269.735,3282.519,3236.183
"597",2017-08-11,3208.541,3237.922,3245.116,3200.748
"598",2017-08-14,3237.36,3206.044,3240.052,3206.044
"599",2017-08-15,3251.262,3235.23,3263.589,3235.101
"600",2017-08-16,3246.451,3247.853,3248.785,3228.871
"601",2017-08-17,3268.43,3253.846,3269.139,3251.459
"602",2017-08-18,3268.724,3253.243,3275.076,3248.083
"603",2017-08-21,3286.906,3274.581,3287.519,3270.475
"604",2017-08-22,3290.226,3287.615,3293.476,3274.941
"605",2017-08-23,3287.705,3283.797,3299.457,3274.44
"606",2017-08-24,3271.512,3287.959,3297.989,3266.359
"607",2017-08-25,3331.522,3271.461,3331.915,3271.461
"608",2017-08-28,3362.651,3336.126,3375.034,3336.126
"609",2017-08-29,3365.226,3362.06,3374.595,3354.463
"610",2017-08-30,3363.627,3361.821,3376.648,3357.08
"611",2017-08-31,3360.81,3361.462,3367.358,3340.687
"612",2017-09-01,3367.119,3365.991,3381.925,3358.472
"613",2017-09-04,3379.583,3369.719,3381.403,3359.131
"614",2017-09-05,3384.317,3377.197,3390.823,3371.571
"615",2017-09-06,3385.389,3372.428,3391.011,3364.765
"616",2017-09-07,3365.497,3383.628,3387.796,3363.177
"617",2017-09-08,3365.243,3364.428,3380.89,3353.688
"618",2017-09-11,3376.419,3365.351,3384.81,3360.046
"619",2017-09-12,3379.488,3381.487,3391.069,3370.852
"620",2017-09-13,3384.147,3374.719,3387.14,3366.541
"621",2017-09-14,3371.426,3383.47,3391.644,3361.334
"622",2017-09-15,3353.619,3365.145,3365.528,3345.328
"623",2017-09-18,3362.859,3352.513,3371.749,3352.513
"624",2017-09-19,3356.845,3365.532,3370.401,3344.705
"625",2017-09-20,3365.996,3352.185,3370.098,3346.536
"626",2017-09-21,3357.812,3364.698,3377.884,3356.875
"627",2017-09-22,3352.529,3347.157,3356.451,3334.985
"628",2017-09-25,3341.549,3344.589,3350.961,3334.944
"629",2017-09-26,3343.583,3336.35,3347.163,3332.599
"630",2017-09-27,3345.272,3340.822,3349.695,3340.299
"631",2017-09-28,3339.642,3343.845,3344.601,3336.178
"632",2017-09-29,3348.943,3340.311,3357.015,3340.311
"633",2017-10-09,3374.378,3403.246,3410.17,3366.965
"634",2017-10-10,3382.988,3373.345,3384.026,3358.795
"635",2017-10-11,3388.284,3381.488,3395.779,3379.163
"636",2017-10-12,3386.1,3385.533,3390.204,3372.533
"637",2017-10-13,3390.523,3384.488,3395.748,3383.239
"638",2017-10-16,3378.47,3393.206,3400.511,3374.769
"639",2017-10-17,3372.041,3373.234,3382.407,3365.565
"640",2017-10-18,3381.794,3373.528,3383.232,3371.925
"641",2017-10-19,3370.172,3374.644,3378.736,3359.628
"642",2017-10-20,3378.648,3363.514,3379.765,3360.1
"643",2017-10-23,3380.699,3382.28,3385.285,3374.705
"644",2017-10-24,3388.248,3376.599,3388.689,3374.125
"645",2017-10-25,3396.898,3384.858,3398.304,3382.034
"646",2017-10-26,3407.567,3397.519,3414.242,3391.455
"647",2017-10-27,3416.812,3404.498,3421.103,3402.114
"648",2017-10-30,3390.337,3413.868,3419.732,3357.276
"649",2017-10-31,3393.342,3380.999,3397.099,3376.124
"650",2017-11-01,3395.913,3393.968,3410.352,3388.598
"651",2017-11-02,3383.31,3391.652,3391.652,3372.213
"652",2017-11-03,3371.744,3377.736,3380.57,3347.36
"653",2017-11-06,3388.174,3369.685,3389.383,3356.534
"654",2017-11-07,3413.575,3389.472,3415.148,3387.946
"655",2017-11-08,3415.46,3409.147,3434.492,3404.881
"656",2017-11-09,3427.795,3410.672,3428.77,3408.619
"657",2017-11-10,3432.673,3423.185,3438.792,3414.329
"658",2017-11-13,3447.836,3435.184,3449.164,3435.085
"659",2017-11-14,3429.548,3446.545,3450.495,3419.692
"660",2017-11-15,3402.525,3416.211,3423.75,3396.381
"661",2017-11-16,3399.25,3393.194,3409.653,3390.589
"662",2017-11-17,3382.908,3392.683,3403.286,3373.296
"663",2017-11-20,3392.399,3361.356,3393.106,3337.116
"664",2017-11-21,3410.498,3382.36,3419.802,3377.599
"665",2017-11-22,3430.464,3417.331,3442.178,3404.287
"666",2017-11-23,3351.918,3425.009,3429.424,3342.332
"667",2017-11-24,3353.821,3340.384,3360.746,3328.334
"668",2017-11-27,3322.23,3346.657,3347.051,3315.264
"669",2017-11-28,3333.657,3311.232,3333.8,3300.781
"670",2017-11-29,3337.862,3335.567,3343.062,3305.572
"671",2017-11-30,3317.188,3328.643,3340.92,3306.283
"672",2017-12-01,3317.617,3315.105,3324.516,3302.44
"673",2017-12-04,3309.618,3310.381,3323.996,3304.103
"674",2017-12-05,3303.675,3301.691,3315.737,3300.512
"675",2017-12-06,3293.965,3291.313,3296.201,3254.611
"676",2017-12-07,3272.054,3283.279,3291.282,3259.164
"677",2017-12-08,3289.992,3264.478,3297.13,3258.759
"678",2017-12-11,3322.196,3290.488,3322.674,3288.295
"679",2017-12-12,3280.814,3320.31,3320.31,3280.329
"680",2017-12-13,3303.037,3278.397,3304.01,3273.325
"681",2017-12-14,3292.439,3302.932,3309.53,3282.573
"682",2017-12-15,3266.137,3287.529,3287.529,3259.388
"683",2017-12-18,3267.922,3268.034,3280.544,3254.178
"684",2017-12-19,3296.538,3266.019,3296.94,3266.019
"685",2017-12-20,3287.606,3296.74,3300.212,3276.12
"686",2017-12-21,3300.059,3281.118,3309.223,3267.404
"687",2017-12-22,3297.063,3297.685,3307.328,3293.442
"688",2017-12-25,3280.461,3296.211,3312.3,3270.441
"689",2017-12-26,3306.125,3277.837,3307.299,3274.327
"690",2017-12-27,3275.783,3302.461,3307.08,3270.349
"691",2017-12-28,3296.385,3272.291,3304.096,3263.728
"692",2017-12-29,3307.172,3295.246,3308.225,3292.77
"693",2018-01-02,3348.326,3314.031,3349.053,3314.031
"694",2018-01-03,3369.108,3347.743,3379.915,3345.289
"695",2018-01-04,3385.71,3371,3392.826,3365.295
"696",2018-01-05,3391.75,3386.464,3402.069,3380.245
"697",2018-01-08,3409.48,3391.553,3412.731,3384.559
"698",2018-01-09,3413.9,3406.112,3417.228,3403.587
"699",2018-01-10,3421.834,3414.113,3430.214,3398.842
"700",2018-01-11,3425.345,3415.585,3426.483,3405.639
"701",2018-01-12,3428.941,3423.879,3435.424,3417.98
"702",2018-01-15,3410.488,3428.951,3442.501,3402.312
"703",2018-01-16,3436.594,3403.469,3437.583,3401.961
"704",2018-01-17,3444.671,3438.576,3465.205,3430.511
"705",2018-01-18,3474.754,3449.881,3476.546,3448.789
"706",2018-01-19,3487.864,3481.62,3498.434,3474.292
"707",2018-01-22,3501.362,3476.994,3503.386,3475.673
"708",2018-01-23,3546.505,3504.344,3547.222,3504.344
"709",2018-01-24,3559.465,3553.479,3569.489,3527.112
"710",2018-01-25,3548.307,3555.168,3571.481,3528.035
"711",2018-01-26,3558.129,3535.493,3574.905,3534.195
"712",2018-01-29,3523.001,3563.64,3587.032,3510.269
"713",2018-01-30,3488.009,3511.501,3523.051,3484.656
"714",2018-01-31,3480.833,3470.509,3495.453,3454.726
"715",2018-02-01,3446.98,3478.67,3495.093,3424.419
"716",2018-02-02,3462.081,3419.225,3463.164,3388.86
"717",2018-02-05,3487.497,3411.67,3487.721,3406.241
"718",2018-02-06,3370.652,3418.01,3440.124,3364.216
"719",2018-02-07,3309.26,3412.744,3425.538,3304.007
"720",2018-02-08,3262.05,3281.046,3307.162,3225.712
"721",2018-02-09,3129.851,3172.851,3180.11,3062.743
"722",2018-02-12,3154.125,3128.371,3168.126,3113.605
"723",2018-02-13,3184.959,3176.107,3219.217,3176.107
"724",2018-02-14,3199.159,3188.248,3203.497,3171.384
"725",2018-02-22,3268.559,3237.569,3269.916,3234.115
"726",2018-02-23,3289.024,3275.429,3294.134,3258.488
"727",2018-02-26,3329.574,3307.295,3335.986,3281.615
"728",2018-02-27,3292.068,3328.672,3328.672,3284.629
"729",2018-02-28,3259.408,3264.059,3277.832,3239.844
"730",2018-03-01,3273.755,3235.089,3280.149,3228.585
"731",2018-03-02,3254.528,3248.446,3269.938,3242.267
"732",2018-03-05,3256.926,3255.871,3269.4,3236.717
"733",2018-03-06,3289.642,3266.487,3290.253,3243.654
"734",2018-03-07,3271.668,3288.865,3308.406,3264.764
"735",2018-03-08,3288.406,3268.347,3289.497,3261.552
"736",2018-03-09,3307.166,3291.426,3309.715,3283.559
"737",2018-03-12,3326.699,3319.209,3333.561,3313.555
"738",2018-03-13,3310.239,3324.122,3333.875,3307.376
"739",2018-03-14,3291.382,3298.666,3304.979,3287.356
"740",2018-03-15,3291.112,3277.514,3297.098,3273.201
"741",2018-03-16,3269.882,3290.209,3300.565,3269.283
"742",2018-03-19,3279.252,3264.928,3280.567,3251.047
"743",2018-03-20,3290.64,3257.219,3292.574,3252.433
"744",2018-03-21,3280.952,3299.731,3314.209,3268.878
"745",2018-03-22,3263.48,3281.265,3288.797,3242.762
"746",2018-03-23,3152.761,3172.772,3188.235,3110.664
"747",2018-03-26,3133.722,3117.319,3134.276,3091.458
"748",2018-03-27,3166.649,3164.798,3172.778,3143.57
"749",2018-03-28,3122.29,3130.571,3165.213,3117.534
"750",2018-03-29,3160.531,3127.263,3174.509,3098.247
"751",2018-03-30,3168.897,3161.786,3177.721,3152.889
"752",2018-04-02,3163.179,3169.779,3192.34,3159.986
"753",2018-04-03,3136.633,3130.013,3144.332,3119.132
"754",2018-04-04,3131.111,3147.049,3163.34,3128.867
"755",2018-04-09,3138.294,3125.442,3146.093,3110.303
"756",2018-04-10,3190.322,3144.257,3190.649,3139.081
"757",2018-04-11,3208.082,3197.372,3220.845,3191.587
"758",2018-04-12,3180.158,3203.278,3205.252,3177.049
"759",2018-04-13,3159.052,3192.042,3197.896,3155.506
"760",2018-04-16,3110.649,3152.888,3153.106,3096.1
"761",2018-04-17,3066.797,3112.975,3118.76,3064.028
"762",2018-04-18,3091.399,3091.91,3096.889,3041.625
"763",2018-04-19,3117.376,3094.274,3127.439,3090.287
"764",2018-04-20,3071.543,3105.462,3111.171,3065.921
"765",2018-04-23,3068.012,3063.443,3085.057,3045.937
"766",2018-04-24,3128.927,3069.746,3136.04,3069.746
"767",2018-04-25,3117.974,3112.398,3122.908,3107.001
"768",2018-04-26,3075.03,3119.496,3121.933,3067.929
"769",2018-04-27,3082.232,3082.415,3088.035,3049.914
"770",2018-05-02,3081.177,3087.409,3097.604,3064.763
"771",2018-05-03,3100.859,3074.517,3105.66,3056.157
"772",2018-05-04,3091.033,3093.117,3104.093,3086.785
"773",2018-05-07,3136.645,3094.899,3136.836,3091.658
"774",2018-05-08,3161.498,3135.296,3169.701,3134.062
"775",2018-05-09,3159.15,3160.138,3165.373,3145.657
"776",2018-05-10,3174.413,3169.05,3176.138,3155.533
"777",2018-05-11,3163.263,3179.797,3180.756,3162.212
"778",2018-05-14,3174.032,3167.042,3183.816,3163.476
"779",2018-05-15,3192.118,3180.425,3192.807,3164.518
"780",2018-05-16,3169.565,3180.226,3191.948,3166.811
"781",2018-05-17,3154.283,3170.006,3172.766,3148.621
"782",2018-05-18,3193.303,3151.082,3193.453,3144.776
"783",2018-05-21,3213.84,3206.176,3219.74,3203.336
"784",2018-05-22,3214.35,3211.247,3214.589,3192.228
"785",2018-05-23,3168.964,3205.437,3205.437,3168.964
"786",2018-05-24,3154.651,3167.939,3173.531,3152.069
"787",2018-05-25,3141.303,3148.41,3156.726,3131.068
"788",2018-05-28,3135.082,3136.809,3149.665,3115.959
"789",2018-05-29,3120.461,3129.621,3143.208,3112.153
"790",2018-05-30,3041.443,3081.142,3085.397,3041
"791",2018-05-31,3095.474,3061.829,3098.076,3054.269
"792",2018-06-01,3075.137,3084.754,3102.088,3059.786
"793",2018-06-04,3091.191,3083.427,3098.402,3076.994
"794",2018-06-05,3114.206,3088.008,3114.769,3080.046
"795",2018-06-06,3115.18,3109.175,3117.525,3103.533
"796",2018-06-07,3109.499,3121.184,3128.715,3105.578
"797",2018-06-08,3067.148,3100.604,3100.685,3053.288
"798",2018-06-11,3052.783,3057.339,3063.61,3037.914
"799",2018-06-12,3079.802,3053.028,3081.447,3034.101
"800",2018-06-13,3049.797,3071.464,3071.464,3044.12
"801",2018-06-14,3044.16,3038.07,3066.047,3032.406
"802",2018-06-15,3021.901,3037.452,3048.797,3008.732
"803",2018-06-19,2907.822,2982.65,2984.971,2871.355
"804",2018-06-20,2915.731,2889.984,2925.561,2872.163
"805",2018-06-21,2875.81,2912.003,2940.586,2872.619
"806",2018-06-22,2889.76,2855.585,2891.969,2837.144
"807",2018-06-25,2859.336,2903.45,2908.624,2857.871
"808",2018-06-26,2844.508,2829.995,2850.24,2803.785
"809",2018-06-27,2813.178,2842.396,2854.258,2798.8
"810",2018-06-28,2786.897,2799.904,2825.987,2782.446
"811",2018-06-29,2847.418,2789.811,2848.372,2782.381
"812",2018-07-02,2775.557,2841.58,2845.68,2756.815
"813",2018-07-03,2786.888,2774.57,2786.888,2722.449
"814",2018-07-04,2759.126,2776.632,2793.179,2754.155
"815",2018-07-05,2733.882,2755.339,2777.523,2727.94
"816",2018-07-06,2747.229,2731.353,2768.874,2691.021
"817",2018-07-09,2815.11,2752.447,2815.79,2752.447
"818",2018-07-10,2827.625,2819.712,2828.493,2800.625
"819",2018-07-11,2777.771,2780.704,2794.36,2752.435
"820",2018-07-12,2837.659,2771.041,2844.193,2771.041
"821",2018-07-13,2831.184,2831.428,2835.463,2818.848
"822",2018-07-16,2814.042,2827.082,2837.509,2804.493
"823",2018-07-17,2798.126,2806.885,2806.919,2774.762
"824",2018-07-18,2787.257,2801.777,2818.395,2786.04
"825",2018-07-19,2772.545,2791.016,2805.011,2764.486
"826",2018-07-20,2829.271,2769.754,2837.862,2753.84
"827",2018-07-23,2859.542,2815.201,2863.571,2809.616
"828",2018-07-24,2905.562,2862.267,2911.465,2862.267
"829",2018-07-25,2903.647,2911.453,2912.313,2894.039
"830",2018-07-26,2882.225,2905.794,2915.297,2875.701
"831",2018-07-27,2873.594,2879.69,2889.694,2864.11
"832",2018-07-30,2869.05,2871.94,2896.011,2850.296
"833",2018-07-31,2876.401,2866.899,2884.68,2854.32
"834",2018-08-01,2824.534,2882.506,2897.4,2823.929
"835",2018-08-02,2768.024,2815.344,2815.344,2726.483
"836",2018-08-03,2740.443,2763.396,2777.657,2740.432
"837",2018-08-06,2705.157,2736.526,2760.474,2692.322
"838",2018-08-07,2779.374,2711.736,2779.374,2696.039
"839",2018-08-08,2744.07,2771.129,2779.912,2741.067
"840",2018-08-09,2794.382,2729.579,2801.659,2726.215
"841",2018-08-10,2795.31,2791.402,2806.115,2777.506
"842",2018-08-13,2785.872,2769.017,2789.798,2742.56
"843",2018-08-14,2780.965,2780.736,2789.444,2766.569
"844",2018-08-15,2723.258,2777.249,2777.703,2721.24
"845",2018-08-16,2705.192,2691.426,2732.949,2672.741
"846",2018-08-17,2668.966,2723.887,2730.333,2665.592
"847",2018-08-20,2698.466,2673.066,2698.466,2653.112
"848",2018-08-21,2733.826,2700.342,2739.173,2696.292
"849",2018-08-22,2714.608,2731.958,2731.958,2709.062
"850",2018-08-23,2724.624,2714.867,2736.01,2700.804
"851",2018-08-24,2729.431,2717.081,2748.824,2705.324
"852",2018-08-27,2780.899,2736.319,2780.899,2736.319
"853",2018-08-28,2777.981,2782.293,2791.39,2769.401
"854",2018-08-29,2769.295,2774.865,2778.539,2762.35
"855",2018-08-30,2737.737,2769.332,2780.527,2736.346
"856",2018-08-31,2725.25,2730.113,2744.631,2710.537
"857",2018-09-03,2720.734,2716.404,2722.852,2692.364
"858",2018-09-04,2750.58,2720.648,2756.607,2712.376
"859",2018-09-05,2704.337,2741.38,2745.467,2704.337
"860",2018-09-06,2691.593,2697.578,2719.406,2683.745
"861",2018-09-07,2702.301,2696.678,2728.546,2683.719
"862",2018-09-10,2669.485,2698.011,2703.429,2667.317
"863",2018-09-11,2664.8,2668.487,2680.573,2652.704
"864",2018-09-12,2656.11,2659.744,2672.074,2647.17
"865",2018-09-13,2686.578,2679.208,2689.062,2653.189
"866",2018-09-14,2681.643,2688.779,2694.92,2675.29
"867",2018-09-17,2651.789,2671.291,2671.291,2647.915
"868",2018-09-18,2699.95,2644.296,2700.193,2644.296
"869",2018-09-19,2730.85,2694.799,2746.08,2690.994
"870",2018-09-20,2729.244,2732.17,2743.965,2724.084
"871",2018-09-21,2797.485,2733.874,2797.485,2722.032
"872",2018-09-25,2781.139,2775.066,2790.032,2771.16
"873",2018-09-26,2806.813,2785.317,2827.341,2783.342
"874",2018-09-27,2791.775,2805.793,2810.506,2786.322
"875",2018-09-28,2821.35,2794.264,2821.755,2791.836
"876",2018-10-08,2716.51,2768.208,2771.938,2710.178
"877",2018-10-09,2721.013,2713.732,2734.314,2711.197
"878",2018-10-10,2725.837,2723.724,2743.548,2703.063
"879",2018-10-11,2583.458,2643.074,2661.286,2560.316
"880",2018-10-12,2606.913,2574.042,2615.917,2536.665
"881",2018-10-15,2568.098,2605.912,2611.969,2564.738
"882",2018-10-16,2546.33,2567.764,2597.715,2536.441
"883",2018-10-17,2561.614,2574.313,2582.549,2517.573
"884",2018-10-18,2486.419,2544.911,2544.911,2485.619
"885",2018-10-19,2550.465,2460.081,2553.387,2449.197
"886",2018-10-22,2654.876,2565.644,2675.406,2565.644
"887",2018-10-23,2594.826,2652.648,2659.812,2583.261
"888",2018-10-24,2603.295,2579.972,2640.402,2577.773
"889",2018-10-25,2603.8,2540.935,2606.101,2531.535
"890",2018-10-26,2598.847,2610.898,2626.116,2580.845
"891",2018-10-29,2542.103,2593.591,2595.537,2529.188
"892",2018-10-30,2568.048,2538.574,2586.919,2521.784
"893",2018-10-31,2602.783,2573.015,2612.922,2567.027
"894",2018-11-01,2606.237,2617.033,2636.799,2603.651
"895",2018-11-02,2676.476,2649.251,2676.476,2628.87
"896",2018-11-05,2665.431,2665.427,2673.188,2639.271
"897",2018-11-06,2659.356,2660.719,2660.863,2635.321
"898",2018-11-07,2641.342,2659.845,2675.677,2639.246
"899",2018-11-08,2635.632,2660.087,2662.369,2632.301
"900",2018-11-09,2598.872,2621.238,2621.238,2598.161
"901",2018-11-12,2630.52,2593.2,2631.17,2590.211
"902",2018-11-13,2654.88,2600.5,2666.485,2597.348
"903",2018-11-14,2632.2425,2648.3091,2658.3072,2627.9565
"904",2018-11-15,2668.1704,2632.1379,2668.1704,2631.8875
"905",2018-11-16,2679.1097,2669.7799,2695.5689,2657.0341
"906",2018-11-19,2703.5116,2681.8988,2703.5116,2674.1781
"907",2018-11-20,2645.8545,2684.2874,2690.8299,2643.3588
"908",2018-11-21,2651.5053,2619.8211,2653.796,2617.7759
"909",2018-11-22,2645.4339,2655.8964,2658.0011,2634.4827
"910",2018-11-23,2579.4831,2640.6674,2642.0356,2577.3511
"911",2018-11-26,2575.8101,2580.8424,2594.9966,2568.0352
"912",2018-11-27,2574.6792,2585.8261,2592.5353,2566.1663
"913",2018-11-28,2601.7365,2575.4541,2601.9626,2561.5618
"914",2018-11-29,2567.4434,2613.7805,2617.5479,2567.4434
"915",2018-11-30,2588.1875,2564.5644,2590.2102,2555.3223
"916",2018-12-03,2654.798,2647.1319,2665.298,2629.1843
"917",2018-12-04,2665.9577,2651.5613,2666.0784,2644.8964
"918",2018-12-05,2649.8051,2629.8328,2660.3888,2625.9132
"919",2018-12-06,2605.1813,2629.8196,2633.6778,2603.1323
"920",2018-12-07,2605.8876,2609.3408,2614.5817,2599.2775
"921",2018-12-10,2584.5822,2589.194,2599.7615,2576.2424
"922",2018-12-11,2594.0881,2587.0148,2596.1464,2583.1959
"923",2018-12-12,2602.1526,2608.1141,2610.0086,2595.075
"924",2018-12-13,2634.0491,2607.144,2645.8367,2599.4586
"925",2018-12-14,2593.7407,2627.2833,2629.1641,2593.7407
"926",2018-12-17,2597.9737,2587.2632,2598.967,2573.8674
"927",2018-12-18,2576.6495,2583.6343,2599.1479,2563.5731
"928",2018-12-19,2549.5634,2578.675,2579.8743,2547.0783
"929",2018-12-20,2536.2675,2544.5054,2554.8586,2516.0193
"930",2018-12-21,2516.2506,2526.5535,2527.4214,2498.6937
"931",2018-12-24,2527.0071,2506.7372,2529.4395,2500.443
"932",2018-12-25,2504.819,2503.9498,2513.9641,2462.8448
"933",2018-12-26,2498.2939,2501.1199,2513.8264,2492.0758
"934",2018-12-27,2483.0864,2527.7167,2532.0022,2483.0864
"935",2018-12-28,2493.8962,2483.6171,2505.1138,2478.325
"936",2019-01-02,2465.291,2497.8805,2500.2783,2456.4233
"937",2019-01-03,2464.3628,2461.7829,2488.479,2455.9256
"938",2019-01-04,2514.8682,2446.0193,2515.316,2440.9066
"939",2019-01-07,2533.0887,2528.6987,2536.9775,2515.5083
"940",2019-01-08,2526.4622,2530.3001,2531.345,2520.1648
"941",2019-01-09,2544.3449,2536.4173,2574.4079,2536.157
"942",2019-01-10,2535.0985,2543.8534,2551.8257,2531.6638
"943",2019-01-11,2553.8313,2539.5487,2554.7869,2533.3586
"944",2019-01-14,2535.7653,2553.3284,2556.2939,2533.0101
"945",2019-01-15,2570.3449,2537.3697,2571.5016,2532.4333
"946",2019-01-16,2570.4221,2569.0697,2574.2362,2563.0061
"947",2019-01-17,2559.637,2573.5755,2582.556,2557.7114
"948",2019-01-18,2596.0056,2567.7386,2598.8836,2565.9043
"949",2019-01-21,2610.5094,2599.0575,2618.9801,2599.0575
"950",2019-01-22,2579.7041,2609.6421,2609.6421,2573.0617
"951",2019-01-23,2581.0041,2575.2583,2589.5128,2572.4054
"952",2019-01-24,2591.6935,2584.6481,2597.2894,2569.7004
"953",2019-01-25,2601.7234,2596.2618,2617.0022,2595.6294
"954",2019-01-28,2596.9767,2615.7118,2630.3183,2591.1
"955",2019-01-29,2594.2536,2592.3549,2601.7358,2559.982
"956",2019-01-30,2575.5756,2584.7459,2598.815,2575.4091
"957",2019-01-31,2584.5724,2581.3315,2606.6283,2571.5789
"958",2019-02-01,2618.2323,2597.7777,2618.4765,2590.5543
"959",2019-02-11,2653.896,2613.1742,2654.0964,2613.1742
"960",2019-02-12,2671.8937,2654.0349,2674.4778,2648.8295
"961",2019-02-13,2721.0683,2674.5198,2727.075,2666.522
"962",2019-02-14,2719.6999,2715.5358,2729.455,2707.4865
"963",2019-02-15,2682.385,2712.7862,2715.6321,2679.7849
"964",2019-02-18,2754.3566,2699.8171,2754.3566,2699.8171
"965",2019-02-19,2755.6459,2759.496,2780.7837,2737.5864
"966",2019-02-20,2761.2189,2761.0588,2767.4109,2739.9783
"967",2019-02-21,2751.8012,2759.9383,2794.0131,2744.9762
"968",2019-02-22,2804.2262,2749.4615,2804.2262,2736.3324
"969",2019-02-25,2961.2834,2838.3896,2961.7951,2838.3896
"970",2019-02-26,2941.5163,2969.0976,2995.6762,2938.6227
"971",2019-02-27,2953.8242,2939.9287,2997.4882,2924.6432
"972",2019-02-28,2940.9538,2950.0548,2965.3037,2930.195
"973",2019-03-01,2994.005,2954.4021,2994.005,2930.8345
"974",2019-03-04,3027.5755,3015.9427,3090.7959,3006.9417
"975",2019-03-05,3054.2466,3019.8797,3054.9617,3009.4476
"976",2019-03-06,3102.0991,3060.4327,3103.8251,3050.1113
"977",2019-03-07,3106.4179,3103.6677,3129.9395,3074.9784
"978",2019-03-08,2969.8614,3038.3362,3075.0461,2969.5815
"979",2019-03-11,3026.9925,2969.0802,3028.2543,2963.5834
"980",2019-03-12,3060.3073,3049.0844,3093.3913,3029.8999
"981",2019-03-13,3026.9513,3062.3267,3065.2884,3013.9319
"982",2019-03-14,2990.685,3013.597,3041.1557,2968.8237
"983",2019-03-15,3021.7512,3000.8789,3048.1212,2999.4317
"984",2019-03-18,3096.4176,3027.8012,3096.4176,3009.5071
"985",2019-03-19,3090.975,3099.8971,3113.4325,3076.3627
"986",2019-03-20,3090.6403,3084.1704,3102.5203,3053.4519
"987",2019-03-21,3101.455,3094.1247,3125.0192,3086.85
"988",2019-03-22,3104.1487,3100.7264,3107.2754,3064.884
"989",2019-03-25,3043.0313,3058.8016,3086.9961,3041.9504
"990",2019-03-26,2997.0954,3057.559,3062.6896,2988.4905
"991",2019-03-27,3022.7196,3012.2573,3022.7623,2987.7717
"992",2019-03-28,2994.9434,3009.7988,3025.7789,2991.7789
"993",2019-03-29,3090.758,3000.6783,3093.0329,2999.9866
"994",2019-04-01,3170.361,3111.6619,3176.6221,3111.6619
"995",2019-04-02,3176.8227,3183.2736,3193.2717,3164.9066
"996",2019-04-03,3216.2952,3159.1468,3219.2564,3152.3319
"997",2019-04-04,3246.5714,3233.6886,3254.1401,3216.8545
"998",2019-04-08,3244.8103,3271.2722,3288.4531,3210.5151
"999",2019-04-09,3239.6639,3240.3938,3251.6458,3215.7048
"1000",2019-04-10,3241.9299,3224.6454,3264.7778,3204.8785
"1001",2019-04-11,3189.9619,3241.5474,3254.1259,3185.546
"1002",2019-04-12,3188.6256,3184.8595,3199.278,3168.0421
"1003",2019-04-15,3177.7866,3233.4583,3253.9763,3177.2698
"1004",2019-04-16,3253.5978,3164.3969,3253.5978,3153.2062
"1005",2019-04-17,3263.1179,3250.1518,3275.3335,3239.8048
"1006",2019-04-18,3250.2012,3261.0742,3271.3878,3241.8257
"1007",2019-04-19,3270.7973,3250.1452,3274.3347,3226.8124
"1008",2019-04-22,3215.0426,3278.4906,3279.4894,3206.878
"1009",2019-04-23,3198.5938,3211.8719,3231.5815,3186.7569
"1010",2019-04-24,3201.6137,3203.5588,3210.6508,3156.607
"1011",2019-04-25,3123.8261,3190.5851,3193.7494,3123.0258
"1012",2019-04-26,3086.3989,3108.1635,3129.2134,3085.8049
"1013",2019-04-29,3062.4985,3090.6331,3107.7605,3050.0261
"1014",2019-04-30,3078.3389,3052.6223,3088.4074,3052.6223
"1015",2019-05-06,2906.464,2984.7273,2986.5399,2876.4688
"1016",2019-05-07,2926.3908,2914.2914,2937.2832,2889.0732
"1017",2019-05-08,2893.7567,2873.1433,2929.4306,2866.7041
"1018",2019-05-09,2850.9537,2871.1968,2888.8596,2845.0374
"1019",2019-05-10,2939.2106,2878.2344,2941.4539,2838.3847
"1020",2019-05-13,2903.7131,2905.067,2921.4103,2892.1745
"1021",2019-05-14,2883.6107,2872.8336,2909.2041,2872.8336
"1022",2019-05-15,2938.6781,2902.6423,2945.3946,2902.6423
"1023",2019-05-16,2955.711,2933.4954,2956.171,2929.0645
"1024",2019-05-17,2882.2962,2955.7669,2956.7832,2873.7998
"1025",2019-05-20,2870.6046,2874.8011,2882.6294,2838.453
"1026",2019-05-21,2905.9688,2867.7066,2919.2373,2862.4951
"1027",2019-05-22,2891.7046,2905.5241,2912.3952,2879.6437
"1028",2019-05-23,2852.5153,2880.8426,2885.1389,2846.956
"1029",2019-05-24,2852.9948,2847.8356,2871.8555,2846.0215
"1030",2019-05-27,2892.3782,2851.2809,2898.129,2833.0363
"1031",2019-05-28,2909.9106,2890.2658,2924.0395,2887.0835
"1032",2019-05-29,2914.6964,2894.8297,2934.9768,2890.6645
"1033",2019-05-30,2905.8054,2903.4246,2907.8463,2881.3802
"1034",2019-05-31,2898.6961,2904.4976,2922.9075,2895.5778
"1035",2019-06-03,2890.0809,2901.7424,2920.8292,2875.9019
"1036",2019-06-04,2862.2803,2887.6405,2888.3861,2851.9728
"1037",2019-06-05,2861.4181,2882.9369,2888.7676,2858.5719
"1038",2019-06-06,2827.7978,2862.3327,2862.3327,2822.1853
"1039",2019-06-10,2852.1302,2833.0145,2861.131,2824.3554
"1040",2019-06-11,2925.7162,2854.0704,2927.4303,2854.0704
"1041",2019-06-12,2909.3796,2917.2239,2924.7018,2903.8833
"1042",2019-06-13,2910.7406,2905.2877,2918.4227,2885.9232
"1043",2019-06-14,2881.9743,2912.9988,2924.3197,2879.6573
"1044",2019-06-17,2887.6221,2880.4226,2902.4808,2877.3941
"1045",2019-06-18,2890.158,2891.0917,2898.3304,2874.3129
"1046",2019-06-19,2917.8029,2944.1154,2953.3355,2916.2149
"1047",2019-06-20,2987.1186,2917.331,2997.3888,2915.0895
"1048",2019-06-21,3001.9802,2990.3687,3010.349,2989.2454
"1049",2019-06-24,3008.1479,3004.2891,3012.826,2994.4219
"1050",2019-06-25,2982.0738,3004.9095,3004.9095,2948.9907
"1051",2019-06-26,2976.2837,2964.6153,2986.9139,2958.4632
"1052",2019-06-27,2996.7926,2982.6125,3011.538,2981.045
"1053",2019-06-28,2978.8784,2992.2426,2992.2426,2961.2225
"1054",2019-07-01,3044.9028,3024.6238,3045.3669,3014.6871
"1055",2019-07-02,3043.9428,3042.58,3048.4839,3033.7809
"1056",2019-07-03,3015.2633,3031.832,3031.832,3006.3246
"1057",2019-07-04,3005.2488,3015.6785,3024.5023,2991.9079
"1058",2019-07-05,3011.0588,3004.7383,3014.8474,2990.9247
"1059",2019-07-08,2933.3634,2997.8067,2997.8067,2918.7157
"1060",2019-07-09,2928.2295,2928.8188,2937.7621,2912.8063
"1061",2019-07-10,2915.3022,2935.1855,2936.7519,2908.162
"1062",2019-07-11,2917.7609,2928.0553,2945.8023,2907.8852
"1063",2019-07-12,2930.5462,2915.3401,2938.5311,2905.809
"1064",2019-07-15,2942.1853,2921.546,2955.0003,2886.6993
"1065",2019-07-16,2937.6168,2938.6411,2944.821,2931.2926
"1066",2019-07-17,2931.6926,2933.0227,2942.0668,2924.4594
"1067",2019-07-18,2901.1766,2921.7387,2921.7387,2901.1766
"1068",2019-07-19,2924.2006,2909.6794,2939.5973,2909.6794
"1069",2019-07-22,2886.974,2925.7882,2927.1601,2879.69
"1070",2019-07-23,2899.9446,2886.9044,2901.3591,2883.0457
"1071",2019-07-24,2923.2775,2907.9275,2936.4522,2907.7865
"1072",2019-07-25,2937.3601,2923.1886,2937.3601,2916.1498
"1073",2019-07-26,2944.541,2928.0614,2948.3261,2924.4513
"1074",2019-07-29,2941.007,2943.918,2948.4665,2932.9773
"1075",2019-07-30,2952.3383,2946.2566,2965.632,2946.2566
"1076",2019-07-31,2932.5058,2944.3977,2944.3977,2926.4853
"1077",2019-08-01,2908.766,2920.8506,2927.3421,2901.7503
"1078",2019-08-02,2867.8376,2861.3323,2872.473,2851.4402
"1079",2019-08-05,2821.4957,2854.578,2863.6891,2821.4957
"1080",2019-08-06,2777.5559,2776.9889,2787.4185,2733.9242
"1081",2019-08-07,2768.6795,2789.0187,2792.6934,2768.6795
"1082",2019-08-08,2794.5523,2784.1835,2799.6859,2782.2447
"1083",2019-08-09,2774.7532,2805.5856,2808.3289,2770.4777
"1084",2019-08-12,2814.9944,2781.9816,2814.9944,2776.6197
"1085",2019-08-13,2797.2596,2798.0512,2802.0415,2790.608
"1086",2019-08-14,2808.9146,2824.4864,2829.8906,2807.719
"1087",2019-08-15,2815.7976,2762.339,2815.8964,2756.8341
"1088",2019-08-16,2823.8238,2817.5708,2840.3164,2811.8016
"1089",2019-08-19,2883.096,2835.5181,2883.096,2829.8542
"1090",2019-08-20,2880.0012,2879.0816,2892.0796,2874.9988
"1091",2019-08-21,2880.3307,2875.4708,2885.5861,2872.5573
"1092",2019-08-22,2883.4358,2887.6649,2888.4969,2867.5522
"1093",2019-08-23,2897.4253,2885.151,2902.4563,2878.7443
"1094",2019-08-26,2863.5673,2851.0158,2870.4939,2849.2381
"1095",2019-08-27,2902.1932,2879.5154,2919.6444,2879.406
"1096",2019-08-28,2893.7564,2901.6267,2905.4354,2887.0115
"1097",2019-08-29,2890.9192,2895.9991,2898.6046,2878.5878
"1098",2019-08-30,2886.2365,2907.3825,2914.5767,2874.1028
"1099",2019-09-02,2924.1063,2886.9418,2928.4793,2883.6823
"1100",2019-09-03,2930.1538,2925.9422,2930.1538,2915.1974
"1101",2019-09-04,2957.4116,2927.747,2957.4116,2925.8825
"1102",2019-09-05,2985.8648,2972.6619,3015.8443,2972.6619
"1103",2019-09-06,2999.6013,2996.6216,2999.9434,2981.5983
"1104",2019-09-09,3024.7388,3023.778,3026.2398,3005.6949
"1105",2019-09-10,3021.2024,3027.4103,3027.4103,3005.3825
"1106",2019-09-11,3008.8118,3029.9334,3030.557,3004.2152
"1107",2019-09-12,3031.2351,3016.6267,3033.473,3005.1948
"1108",2019-09-16,3030.7544,3041.922,3042.9284,3020.0495
"1109",2019-09-17,2978.1178,3023.7109,3023.7109,2970.5704
"1110",2019-09-18,2985.6586,2984.0837,2996.4022,2982.4003
"1111",2019-09-19,2999.2789,2992.9222,2999.2789,2975.3978
"1112",2019-09-20,3006.4467,3004.8142,3011.34,2996.1929
"1113",2019-09-23,2977.0767,2998.3995,2998.3995,2960.827
"1114",2019-09-24,2985.3406,2979.4752,3002.8967,2973.7601
"1115",2019-09-25,2955.4325,2977.6676,2977.6676,2955.4325
"1116",2019-09-26,2929.0875,2964.4776,2970.0354,2928.2589
"1117",2019-09-27,2932.167,2929.486,2939.0789,2920.93
"1118",2019-09-30,2905.1892,2927.9165,2936.482,2905.1892
"1119",2019-10-08,2913.5704,2905.7559,2933.0163,2905.7559
"1120",2019-10-09,2924.8566,2902.0751,2924.8566,2891.5394
"1121",2019-10-10,2947.7106,2923.7069,2949.2404,2918.2284
"1122",2019-10-11,2973.6558,2954.8189,2980.7875,2943.0137
"1123",2019-10-14,3007.8834,2993.9617,3026.3834,2989.8125
"1124",2019-10-15,2991.0459,3005.6646,3005.6646,2986.3033
"1125",2019-10-16,2978.7124,2992.6103,3010.4241,2975.9233
"1126",2019-10-17,2977.3342,2979.9929,2986.7191,2969.568
"1127",2019-10-18,2938.1413,2982.3417,2987.2035,2933.2424
"1128",2019-10-21,2939.6179,2933.8969,2940.3246,2917.6884
"1129",2019-10-22,2954.3799,2945.6001,2954.6415,2934.3873
"1130",2019-10-23,2941.6188,2952.9693,2957.2995,2934.6274
"1131",2019-10-24,2940.9215,2944.0067,2953.0441,2927.0612
"1132",2019-10-25,2954.9327,2940.4741,2958.2409,2920.5195
"1133",2019-10-28,2980.0498,2958.686,2980.128,2956.9607
"1134",2019-10-29,2954.176,2979.0365,2979.0365,2954.176
"1135",2019-10-30,2939.3209,2949.4631,2953.2986,2934.8279
"1136",2019-10-31,2929.0561,2944.8427,2946.7523,2923.5167
"1137",2019-11-01,2958.1992,2924.3402,2959.833,2917.1455
"1138",2019-11-04,2975.4919,2964.576,2983.0581,2964.576
"1139",2019-11-05,2991.5622,2977.7048,3008.3144,2968.0324
"1140",2019-11-06,2978.5955,2992.0399,2995.5629,2969.7242
"1141",2019-11-07,2978.7144,2978.1531,2988.955,2969.1201
"1142",2019-11-08,2964.1849,2993.9773,2998.7594,2962.8447
"1143",2019-11-11,2909.9746,2949.9619,2949.9619,2906.769
"1144",2019-11-12,2914.8232,2912.9956,2918.303,2891.5105
"1145",2019-11-13,2905.2409,2913.0197,2913.8612,2893.9712
"1146",2019-11-14,2909.8697,2907.7358,2917.374,2899.6186
"1147",2019-11-15,2891.3431,2911.35,2917.8293,2891.2043
"1148",2019-11-18,2909.2002,2889.5495,2911.3784,2884.0883
"1149",2019-11-19,2933.9908,2904.2783,2933.9908,2902.855
"1150",2019-11-20,2911.0534,2928.1068,2930.4929,2907.4229
"1151",2019-11-21,2903.6379,2902.5529,2910.3608,2891.5314
"1152",2019-11-22,2885.2884,2906.2433,2925.0178,2873.99
"1153",2019-11-25,2906.1688,2885.6133,2906.6091,2880.6542
"1154",2019-11-26,2907.0602,2912.5209,2915.0411,2897.9276
"1155",2019-11-27,2903.1947,2905.3959,2914.4865,2893.4175
"1156",2019-11-28,2889.6934,2902.3644,2909.8398,2883.4339
"1157",2019-11-29,2871.9813,2885.9744,2892.3882,2858.5808
"1158",2019-12-02,2875.8072,2874.4484,2888.8897,2870.2424
"1159",2019-12-03,2884.6988,2869.8822,2884.8559,2857.3204
"1160",2019-12-04,2878.1157,2876.9079,2882.4981,2869.4219
"1161",2019-12-05,2899.4685,2886.5164,2902.002,2885.0798
"1162",2019-12-06,2912.0136,2902.278,2912.0136,2894.7513
"1163",2019-12-09,2914.4775,2914.4576,2919.5888,2905.2503
"1164",2019-12-10,2917.3157,2908.9439,2919.2011,2902.7896
"1165",2019-12-11,2924.4173,2922.602,2928.2564,2915.0008
"1166",2019-12-12,2915.6983,2926.3416,2926.3416,2913.4755
"1167",2019-12-13,2967.6764,2937.7763,2969.9809,2935.849
"1168",2019-12-16,2984.3925,2970.9694,2984.6414,2958.7064
"1169",2019-12-17,3022.4219,2985.2619,3039.3834,2982.4956
"1170",2019-12-18,3017.0444,3021.4657,3033.2337,3011.7207
"1171",2019-12-19,3017.0658,3017.153,3021.4176,3007.992
"1172",2019-12-20,3004.9376,3019.6395,3027.4835,3002.2601
"1173",2019-12-23,2962.7513,2999.0357,3009.338,2960.435
"1174",2019-12-24,2982.6806,2965.8258,2983.8194,2960.6839
"1175",2019-12-25,2981.8805,2980.4276,2988.2924,2970.6572
"1176",2019-12-26,3007.3546,2981.2485,3007.3546,2980.3966
"1177",2019-12-27,3005.0355,3006.8517,3036.1127,3003.6309
"1178",2019-12-30,3040.0239,2998.1689,3041.3969,2983.3436
"1179",2019-12-31,3050.124,3036.3858,3051.677,3030.5122
"1180",2020-01-02,3085.1976,3066.3357,3098.1001,3066.3357
"1181",2020-01-03,3083.7858,3089.022,3093.8192,3074.5178
"1182",2020-01-06,3083.4083,3070.9088,3107.2032,3065.3088
"1183",2020-01-07,3104.8015,3085.4882,3105.4507,3084.329
"1184",2020-01-08,3066.8925,3094.2389,3094.2389,3059.1313
"1185",2020-01-09,3094.8819,3082.6398,3097.3291,3080.1313
"1186",2020-01-10,3092.2907,3102.2938,3105.2248,3081.3961
"1187",2020-01-13,3115.5696,3091.493,3115.5696,3075.3837
"1188",2020-01-14,3106.8204,3120.6669,3127.1692,3105.6049
"1189",2020-01-15,3090.0379,3103.1749,3107.9426,3082.0425
"1190",2020-01-16,3074.0814,3095.7342,3096.3717,3070.884
"1191",2020-01-17,3075.4955,3081.4641,3091.9516,3067.2525
"1192",2020-01-20,3095.7873,3082.1134,3096.3105,3070.4801
"1193",2020-01-21,3052.1419,3085.7895,3085.7895,3051.2301
"1194",2020-01-22,3060.7545,3038.4868,3069.2527,3006.2677
"1195",2020-01-23,2976.5281,3037.9524,3045.0406,2955.346
"1196",2020-02-03,2746.6056,2716.6978,2766.5773,2716.6978
"1197",2020-02-04,2783.2875,2685.2693,2786.1642,2685.2693
"1198",2020-02-05,2818.0878,2792.3713,2842.7426,2778.8641
"1199",2020-02-06,2866.5097,2826.8851,2876.5878,2807.609
"1200",2020-02-07,2875.9636,2858.9324,2875.9636,2838.7702
"1201",2020-02-10,2890.4878,2860.499,2891.8479,2851.0503
"1202",2020-02-11,2901.6744,2894.5414,2913.8159,2882.2428
"1203",2020-02-12,2926.8991,2895.5561,2926.8991,2892.424
"1204",2020-02-13,2906.0735,2927.1443,2935.406,2901.2425
"1205",2020-02-14,2917.0077,2899.8659,2926.9427,2899.5739
"1206",2020-02-17,2983.6224,2924.9913,2983.6371,2924.9913
"1207",2020-02-18,2984.9716,2981.4097,2990.6003,2960.7751
"1208",2020-02-19,2975.4019,2979.5223,2998.2718,2971.8219
"1209",2020-02-20,3030.1542,2981.8802,3031.3706,2968.4451
"1210",2020-02-21,3039.6692,3022.2455,3058.898,3020.141
"1211",2020-02-24,3031.2333,3027.8925,3042.1821,3007.3557
"1212",2020-02-25,3013.0501,2982.0696,3016.9458,2943.7168
"1213",2020-02-26,2987.9287,2978.4195,3028.7788,2974.9423
"1214",2020-02-27,2991.3288,2992.4919,3009.4575,2980.4774
"1215",2020-02-28,2880.3038,2924.6407,2948.1261,2878.5443
"1216",2020-03-02,2970.9312,2899.31,2982.5068,2899.31
"1217",2020-03-03,2992.8968,3006.8888,3026.842,2976.623
"1218",2020-03-04,3011.6657,2981.806,3012.0035,2974.3583
"1219",2020-03-05,3071.6771,3036.1545,3074.2571,3022.9262
"1220",2020-03-06,3034.5113,3039.9395,3052.4439,3029.4632
