Date,SH,SZ,SZZX
3/9/2015,3302.41,11533.23,6736.91
3/10/2015,3286.07,11556.65,6870.97
3/11/2015,3290.9,11525.09,6841.92
3/12/2015,3349.32,11635.59,6830.31
3/13/2015,3372.91,11713.61,6932.04
3/16/2015,3449.31,12017.77,7193.21
3/17/2015,3502.85,12169.52,7221.13
3/18/2015,3577.3,12496.24,7358.89
3/19/2015,3582.27,12429.11,7373.49
3/20/2015,3617.32,12544.45,7423.81
3/23/2015,3687.73,12780.32,7671.22
3/24/2015,3691.41,12801.2,7765.89
3/25/2015,3660.73,12757.1,7900.5
3/26/2015,3682.1,12712.98,7748.86
3/27/2015,3691.1,12874.42,7877.51
3/30/2015,3786.57,13193.32,7945.12
3/31/2015,3747.9,13160.66,8005.86
4/1/2015,3810.29,13394.73,8233.14
4/2/2015,3825.78,13426.1,8384.18
4/3/2015,3863.93,13494.64,8476.14
4/7/2015,3961.38,13768.73,8596.27
4/8/2015,3994.81,13841.72,8428.14
4/9/2015,3957.53,13796.73,8280.24
4/10/2015,4034.31,14013.34,8519.19
4/13/2015,4121.72,14149.51,8715.12
4/14/2015,4135.57,14042.46,8663.16
4/15/2015,4084.16,13646.61,8340.27
4/16/2015,4194.82,13967.8,8450.19
4/17/2015,4287.3,14149.34,8442.21
4/20/2015,4217.08,13871.6,8214.04
4/21/2015,4293.62,14439,8532.52
4/22/2015,4398.49,14749.13,8775.93
4/23/2015,4414.51,14743.22,8886.08
4/24/2015,4393.69,14598.7,8889.79
4/27/2015,4527.4,14809.42,8935.34
4/28/2015,4476.22,14707.25,8637.2
4/29/2015,4476.62,14871.95,8798.15
4/30/2015,4441.66,14818.64,8777.18
5/4/2015,4480.46,14860.53,8812.72
5/5/2015,4298.71,14233.1,8570.62
5/6/2015,4229.27,14136.17,8615.4
5/7/2015,4112.21,14114.73,8542.09
5/8/2015,4205.92,14481.25,8937.74
5/11/2015,4333.58,14944.88,9404.14
5/12/2015,4401.22,15066.29,9597.21
5/13/2015,4375.76,15173.09,9725.19
5/14/2015,4378.31,15024.47,9706.71
5/15/2015,4308.69,14694.95,9632.98
5/18/2015,4283.49,14672.63,9929.35
5/19/2015,4417.55,15127.38,10196.28
5/20/2015,4446.29,15337.08,10387.25
5/21/2015,4529.42,15872.53,10856.31
5/22/2015,4657.6,16045.8,10929.2
5/25/2015,4813.8,16351.06,11140.95
5/26/2015,4910.9,16903.47,11564.43
5/27/2015,4941.71,16963.52,11580.69
5/28/2015,4620.27,15912.95,10851.56
5/29/2015,4611.74,16100.45,10972.11
6/1/2015,4828.74,16917.53,11500.14
6/2/2015,4910.53,17485.58,11896.23
6/3/2015,4909.98,17538.5,11788.46
6/4/2015,4947.1,17501.05,11678.82
6/5/2015,5023.1,17649.09,11718.2
6/8/2015,5131.88,17452.31,11530.77
6/9/2015,5113.53,17399,11503.86
6/10/2015,5106.04,17677.57,11746.2
6/11/2015,5121.59,17889.69,11934.71
6/12/2015,5166.35,18098.27,11996.52
6/15/2015,5062.99,17702.55,11702.63
6/16/2015,4887.43,17075.93,11230.71
6/17/2015,4967.9,17405.57,11385.38
6/18/2015,4785.36,16734.84,10897.68
6/19/2015,4478.36,15725.47,10273.54
6/23/2015,4576.49,16045.99,10462.95
6/24/2015,4690.15,16312.31,10585.61
6/25/2015,4527.78,15692.44,10160.6
6/26/2015,4192.87,14398.79,9306.02
6/29/2015,4053.03,13566.27,8690.82
6/30/2015,4277.22,14337.97,9232.48
7/1/2015,4053.7,13650.82,8879.52
7/2/2015,3912.77,12924.19,8440.76
7/3/2015,3686.92,12246.06,8068.07
7/6/2015,3775.91,12075.77,8028.18
7/7/2015,3727.13,11375.6,7531.18
7/8/2015,3507.19,11040.89,7427.09
7/9/2015,3709.33,11510.34,7677.21
7/10/2015,3877.8,12038.15,8001.47
7/13/2015,3970.39,12614.16,8390.79
7/14/2015,3924.49,12728.51,8555.76
7/15/2015,3805.7,12132.42,8117.24
7/16/2015,3823.18,12357.61,8277.1
7/17/2015,3957.35,13004.96,8742.15
7/20/2015,3992.11,13202.4,8890.12
7/21/2015,4017.68,13315.56,8999.72
7/22/2015,4026.05,13416.54,9059.05
7/23/2015,4123.92,13754.53,9260.39
7/24/2015,4070.91,13518.52,9075.25
7/27/2015,3725.56,12493.05,8370.61
7/28/2015,3663,12316.78,8250.61
7/29/2015,3789.17,12823.07,8611.22
7/30/2015,3705.77,12395.92,8306.54
7/31/2015,3663.73,12374.25,8336.12
8/3/2015,3622.91,12161.58,8233.48
8/4/2015,3756.55,12711.56,8609.32
8/5/2015,3694.57,12524.69,8472.72
8/6/2015,3661.54,12421.85,8388.8
8/7/2015,3744.21,12753.05,8605.33
8/10/2015,3928.42,13302.96,8955.17
8/11/2015,3927.91,13323.09,8924.76
8/12/2015,3886.32,13117.1,8807.99
8/13/2015,3954.56,13395.18,9012.3
8/14/2015,3965.34,13445.87,9043.35
8/17/2015,3993.67,13573.9,9103.32
8/18/2015,3748.16,12683.86,8514.9
8/19/2015,3794.11,12960.66,8684.99
8/20/2015,3664.29,12584.58,8436.47
8/21/2015,3507.74,11902.05,8009.03
8/24/2015,3209.91,10970.29,7391.45
8/25/2015,2964.97,10197.94,6856.56
8/26/2015,2927.29,9899.72,6676.21
8/27/2015,3083.59,10254.35,6933.05
8/28/2015,3232.35,10800,7293.46
8/31/2015,3205.99,10549.16,7133.33
9/1/2015,3166.62,10162.52,6860.53
9/2/2015,3160.17,10054.8,6849.94
9/7/2015,3080.42,9991.76,6787.74
9/8/2015,3170.45,10320.23,7013.54
9/9/2015,3243.09,10620.13,7214.29
9/10/2015,3197.89,10424.65,7067.4
9/11/2015,3200.23,10463.69,7094.41
9/14/2015,3114.8,9778.23,6583.04
9/15/2015,3005.17,9290.81,6241.24
9/16/2015,3152.26,9890.43,6667.58
9/17/2015,3086.06,9739.89,6559.54
9/18/2015,3097.92,9850.77,6615.4
9/21/2015,3156.54,10176.73,6865.58
9/22/2015,3185.62,10238.69,6941.16
9/23/2015,3115.89,10132.3,6861.67
9/24/2015,3142.69,10238.04,6939.56
9/25/2015,3092.35,9904.76,6708.31
9/28/2015,3100.76,10115.55,6850.12
9/29/2015,3038.14,9949.92,6743.21
9/30/2015,3052.78,9988.25,6779.7
10/8/2015,3143.36,10394.73,7038.19
10/9/2015,3183.15,10540.19,7133.52
10/12/2015,3287.66,10961.36,7428.18
10/13/2015,3293.23,11042.13,7480.37
10/14/2015,3262.44,10901.48,7399.97
10/15/2015,3338.07,11229.38,7628.35
10/16/2015,3391.35,11374.83,7710.47
10/19/2015,3386.7,11391.01,7703.73
10/20/2015,3425.33,11597.08,7875.64
10/21/2015,3320.68,10915.99,7411.86
10/22/2015,3368.74,11305.1,7671.76
10/23/2015,3412.43,11603.46,7823.71
10/26/2015,3429.58,11687.77,7889.24
10/27/2015,3434.34,11758.41,7928.63
10/28/2015,3375.2,11494.35,7724.01
10/29/2015,3387.32,11566.66,7771.86
10/30/2015,3382.56,11546.05,7795.92
11/2/2015,3325.09,11304.88,7647
11/3/2015,3316.7,11288.14,7630.68
11/4/2015,3459.64,11884.9,8039.35
11/5/2015,3522.82,11939.81,8032.87
11/6/2015,3590.03,12273.35,8265.5
11/9/2015,3646.88,12453.24,8406.66
11/10/2015,3640.49,12500.53,8443.87
11/11/2015,3650.25,12677.54,8554.57
11/12/2015,3632.9,12635.39,8534.12
11/13/2015,3580.84,12402.04,8345.63
11/16/2015,3606.96,12620.38,8513.26
11/17/2015,3604.8,12511.55,8447.52
11/18/2015,3568.47,12283.76,8266.7
11/19/2015,3617.06,12609.84,8519.07
11/20/2015,3630.5,12702.03,8580.42
11/23/2015,3610.32,12586.69,8532.52
11/24/2015,3616.11,12694.86,8613.72
11/25/2015,3647.93,12893.23,8754.11
11/26/2015,3635.55,12767.5,8655.06
11/27/2015,3436.3,11961.7,8096.45
11/30/2015,3445.41,12037.86,8163.05
12/1/2015,3456.31,12081.17,8163.05
12/2/2015,3536.91,12186.27,8183.65
12/3/2015,3584.82,12447.38,8346.64
12/4/2015,3524.99,12329.18,8235.21
12/7/2015,3536.93,12443.05,8316.89
12/8/2015,3470.07,12164.97,8139.19
12/9/2015,3472.44,12179.83,8115.76
12/10/2015,3455.5,12181.03,8134.48
12/11/2015,3434.58,12134.02,8082.69
12/14/2015,3520.67,12400.59,8259.69
12/15/2015,3510.35,12495.25,8323.43
12/16/2015,3516.19,12511.03,8344.35
12/17/2015,3580,12825.48,8512.48
12/18/2015,3578.96,12830.25,8478.87
12/21/2015,3642.47,13028.31,8573.7
12/22/2015,3651.77,13139.13,8652.64
12/23/2015,3636.09,13007.87,8556.14
12/24/2015,3612.49,12932.37,8517.34
12/25/2015,3627.91,12980.57,8565.72
12/28/2015,3533.78,12686.34,8392.68
12/29/2015,3563.74,12806.16,8467.39
12/30/2015,3572.88,12889.83,8542.2
12/31/2015,3539.18,12664.89,8393.83
1/4/2016,3296.26,11626.04,7703.19
1/5/2016,3287.71,11468.06,7604.33
1/6/2016,3361.84,11724.88,7747.72
1/7/2016,3125,10760.27,7113.52
1/8/2016,3186.41,10888.91,7200.3
1/11/2016,3016.7,10212.46,6745.32
1/12/2016,3022.86,10293.7,6810.77
1/13/2016,2949.6,9978.82,6602.31
1/14/2016,3007.65,10344.94,6842.09
1/15/2016,2900.97,9997.93,6632.11
1/18/2016,2913.84,10155.96,6741.68
1/19/2016,3007.74,10501.79,6971.63
1/20/2016,2976.69,10366.85,6876.36
1/21/2016,2880.48,9975.97,6632.85
1/22/2016,2916.56,10111.57,6700.96
1/25/2016,2938.52,10192.53,6760.55
1/26/2016,2749.79,9483.55,6304.52
1/27/2016,2735.56,9422.43,6256.08
1/28/2016,2655.66,9082.59,6047.35
1/29/2016,2737.6,9418.2,6272.91
2/1/2016,2688.85,9322.01,6201.99
2/2/2016,2749.57,9610.93,6391.59
2/3/2016,2739.25,9638.87,6398.52
2/4/2016,2781.02,9793.07,6484.77
2/5/2016,2763.49,9673.48,6399.22
2/15/2016,2746.2,9668.85,6400.88
2/16/2016,2836.57,10045.37,6643.88
2/17/2016,2867.34,10161.77,6727.22
2/18/2016,2862.89,10116.4,6687.46
2/19/2016,2860.02,10162.32,6714.98
2/22/2016,2927.18,10370.99,6843.93
2/23/2016,2903.33,10299.67,6798.58
2/24/2016,2928.9,10307.63,6784.1
2/25/2016,2741.25,9551.08,6284.62
2/26/2016,2767.21,9573.7,6304.22
2/29/2016,2687.98,9097.36,5998.28
3/1/2016,2733.17,9322,6138.75
3/2/2016,2849.68,9766.37,6399.49
3/3/2016,2859.76,9762.01,6404.89
3/4/2016,2874.15,9536.71,6261.24
3/7/2016,2897.34,9703.83,6352.88
3/8/2016,2901.39,9732.73,6358.05
3/9/2016,2862.56,9523.14,6242.93
3/10/2016,2804.73,9390.35,6159.34
3/11/2016,2810.31,9363.41,6140.84
3/14/2016,2859.5,9665.13,6335.97
3/15/2016,2864.37,9574.19,6273.01
3/16/2016,2870.43,9469.03,6199.73
3/17/2016,2904.83,9791.85,6410.73
3/18/2016,2955.15,10126.59,6632.24
3/21/2016,3018.8,10394.14,6801.93
3/22/2016,2999.36,10344.08,6811.99
3/23/2016,3009.96,10442.38,6887.85
3/24/2016,2960.97,10283.68,6777.17
3/25/2016,2979.43,10339.68,6812.94
3/28/2016,2957.82,10276.84,6750.74
3/29/2016,2919.83,10094.71,6638.84
3/30/2016,3000.65,10445.69,6875.67
3/31/2016,3003.92,10455.37,6864.8
4/1/2016,3009.53,10379.65,6799.11
4/5/2016,3053.07,10640.27,6975.49
4/6/2016,3050.59,10683.86,7012.32
4/7/2016,3008.42,10504.88,6871.48
4/8/2016,2984.96,10413.54,6830.38
4/11/2016,3033.96,10609.6,6943.45
4/12/2016,3023.65,10533.41,6893.31
4/13/2016,3066.64,10684.92,6985.26
4/14/2016,3082.36,10771.61,7040.49
4/15/2016,3078.12,10733.64,7011.92
4/18/2016,3033.66,10568.93,6878.18
4/19/2016,3042.82,10602.46,6894.25
4/20/2016,2972.58,10164.74,6620.66
4/21/2016,2952.89,10058.8,6553.73
4/22/2016,2959.24,10151.76,6611.61
4/25/2016,2946.67,10106.79,6595.64
4/26/2016,2964.7,10209.9,6656.76
4/27/2016,2953.67,10174.16,6625.58
4/28/2016,2945.59,10149.91,6611.79
4/29/2016,2938.32,10141.54,6616.83
5/3/2016,2992.64,10441.92,6812.15
5/4/2016,2991.27,10422.8,6804.8
5/5/2016,2997.84,10474.01,6825.51
5/6/2016,2913.25,10100.54,6563.62
5/9/2016,2832.11,9790.48,6390.9
5/10/2016,2832.59,9793.21,6400.16
5/11/2016,2837.04,9781.15,6390.86
5/12/2016,2835.86,9796.58,6426.77
5/13/2016,2827.11,9759.27,6398.49
5/16/2016,2850.86,9910.08,6512.53
5/17/2016,2843.68,9908.79,6505.02
5/18/2016,2807.51,9694.78,6366.7
5/19/2016,2806.91,9733.74,6379.46
5/20/2016,2825.48,9816.75,6433.56
5/23/2016,2843.65,9918.16,6484.9
5/24/2016,2821.67,9821.7,6420.26
5/25/2016,2815.09,9784.6,6403.62
5/26/2016,2822.44,9826.14,6426.31
5/27/2016,2821.05,9813.63,6420.72
5/30/2016,2822.45,9768.84,6383.64
5/31/2016,2916.62,10159.93,6653.51
6/1/2016,2913.51,10209.14,6693.93
6/2/2016,2925.23,10274.03,6734.03
6/3/2016,2938.68,10344.91,6802.3
6/6/2016,2934.1,10363.09,6839.81
6/7/2016,2936.05,10347.84,6820.27
6/8/2016,2927.16,10316.82,6809.42
6/13/2016,2833.07,9862.58,6495.61
6/14/2016,2842.19,9895.15,6518.6
6/15/2016,2887.21,10173.85,6710.72
6/16/2016,2872.82,10115.12,6671.66
6/17/2016,2885.11,10182.53,6720.07
6/20/2016,2888.81,10221.85,6752.48
6/21/2016,2878.56,10131.86,6698.01
6/22/2016,2905.55,10297.98,6801.21
6/23/2016,2891.96,10255.27,6759.77
6/24/2016,2854.29,10147.7,6658.7
6/27/2016,2895.7,10377.57,6816.66
6/28/2016,2912.56,10463.45,6895.45
6/29/2016,2931.59,10460.97,6886.86
6/30/2016,2929.61,10489.99,6892.73
7/1/2016,2932.48,10458.43,6875.68
7/4/2016,2988.6,10609.86,6977.88
7/5/2016,3006.39,10602.77,6971.67
7/6/2016,3017.29,10641.65,6985.09
7/7/2016,3016.85,10620.58,6993.51
7/8/2016,2988.09,10611.8,6987.7
7/11/2016,2994.92,10594.82,6940.18
7/12/2016,3049.38,10757.85,7026.55
7/13/2016,3060.69,10853.56,7095.75
7/14/2016,3054.02,10854.14,7102.79
7/15/2016,3054.3,10823.21,7093.01
7/18/2016,3043.56,10762,7047.41
7/19/2016,3036.6,10778.25,7063.66
7/20/2016,3027.9,10759.86,7041.78
7/21/2016,3039.01,10787.21,7053.89
7/22/2016,3012.82,10709.07,7002.72
7/25/2016,3015.83,10718.36,7014.43
7/26/2016,3050.17,10852.21,7086.98
7/27/2016,2992,10405.85,6783.56
7/28/2016,2994.32,10396.31,6772.81
7/29/2016,2979.34,10329.44,6736.08
8/1/2016,2953.39,10185.48,6647.64
8/2/2016,2971.28,10250.55,6685.29
8/3/2016,2978.46,10281.25,6707.77
8/4/2016,2982.43,10366.5,6759.16
8/5/2016,2976.7,10342.28,6729.82
8/8/2016,3004.28,10468.88,6823.5
8/9/2016,3025.68,10564.78,6884.05
8/10/2016,3018.75,10511.16,6843.02
8/11/2016,3002.64,10390.96,6754.64
8/12/2016,3050.67,10528.1,6829.87
8/15/2016,3125.2,10822.11,6995.68
8/16/2016,3110.04,10882.95,7008.89
8/17/2016,3109.56,10890.69,7032.52
8/18/2016,3104.11,10879.2,7015.54
8/19/2016,3108.1,10872.71,7021.19
8/22/2016,3084.81,10731.4,6938.09
8/23/2016,3089.71,10750.29,6953.11
8/24/2016,3085.88,10760.44,6969.06
8/25/2016,3068.33,10679.15,6925.74
8/26/2016,3070.31,10693.75,6942.08
8/29/2016,3070.03,10724.4,6961.59
8/30/2016,3074.68,10729.12,6966.58
8/31/2016,3085.49,10757.88,6961.14
9/1/2016,3063.31,10669.51,6912.75
9/2/2016,3067.35,10640.42,6872.16
9/5/2016,3072.1,10695.45,6884.97
9/6/2016,3090.71,10861.5,7005.39
9/7/2016,3091.93,10838.72,6986.07
9/8/2016,3095.95,10851.19,6988.12
9/9/2016,3078.86,10762.79,6935.74
9/12/2016,3021.98,10461.58,6731.84
9/13/2016,3023.51,10514.58,6774.01
9/14/2016,3002.85,10454.24,6726.92
9/19/2016,3026.05,10557.25,6783.6
9/20/2016,3023,10544.53,6778.18
9/21/2016,3025.87,10583.4,6797.08
9/22/2016,3042.31,10662.21,6829.12
9/23/2016,3033.9,10609.7,6822.03
9/26/2016,2980.43,10392.7,6667.08
9/27/2016,2998.17,10476.97,6709.88
9/28/2016,2987.86,10467.16,6704.23
9/29/2016,2998.48,10512.25,6749.42
9/30/2016,3004.7,10567.58,6783.59
10/10/2016,3048.14,10741.69,6910.22
10/11/2016,3065.25,10782.31,6946.77
10/12/2016,3058.5,10788.59,6947.61
10/13/2016,3061.35,10787.49,6952.04
10/14/2016,3063.81,10759.68,6931.37
10/17/2016,3041.17,10651.5,6858.68
10/18/2016,3083.88,10797.02,6958.97
10/19/2016,3084.72,10757.92,6930.13
10/20/2016,3084.46,10784.33,6973.23
10/21/2016,3090.94,10748.9,6948.87
10/24/2016,3128.25,10842.64,7004.89
10/25/2016,3131.94,10871.51,7019.31
10/26/2016,3116.31,10817.51,6983.41
10/27/2016,3112.35,10788.97,6973.34
10/28/2016,3104.27,10711.04,6911.97
10/31/2016,3100.49,10704.3,6900.73
11/1/2016,3122.44,10796.14,6953.89
11/2/2016,3102.73,10692.65,6894.83
11/3/2016,3128.94,10743.96,6926.24
11/4/2016,3125.32,10702.57,6895.16
11/7/2016,3133.33,10695.18,6882.83
11/8/2016,3147.89,10763.13,6928.48
11/9/2016,3128.37,10697.11,6852
11/10/2016,3171.28,10821.66,6924.45
11/11/2016,3196.04,10878.14,6941.25
11/14/2016,3210.37,10907.53,6947.36
11/15/2016,3206.99,10958.1,6970.82
11/16/2016,3205.06,10968.08,6991.64
11/17/2016,3208.45,10945.42,6966.58
11/18/2016,3192.86,10889.11,6928.97
11/21/2016,3218.15,10899.92,6929.68
11/22/2016,3248.35,10985.6,6961.13
11/23/2016,3241.14,10973.8,6937.36
11/24/2016,3241.74,10967.47,6891.44
11/25/2016,3261.94,11036.53,6921.69
11/28/2016,3277,11068.87,6934.94
11/29/2016,3282.92,11034.7,6922.47
11/30/2016,3250.03,11012.19,6902.1
12/1/2016,3273.31,11088.16,6931.15
12/2/2016,3243.84,10912.63,6858.43
12/5/2016,3204.71,10784.33,6832.56
12/6/2016,3199.65,10779.77,6855.36
12/7/2016,3222.24,10855.72,6890.19
12/8/2016,3215.37,10812.3,6877.19
12/9/2016,3232.88,10789.62,6831.71
12/12/2016,3152.97,10302.85,6526.36
12/13/2016,3155.04,10332.28,6550.17
12/14/2016,3140.53,10232.82,6493.11
12/15/2016,3117.68,10256.11,6503.86
12/16/2016,3122.98,10334.76,6543.18
12/19/2016,3118.09,10283.16,6514.1
12/20/2016,3102.88,10245.33,6496.57
12/21/2016,3137.43,10313.57,6544.35
12/22/2016,3139.56,10306.92,6543.94
12/23/2016,3110.15,10199.86,6497.71
12/26/2016,3122.57,10233.42,6521.26
12/27/2016,3114.66,10230.57,6510.43
12/28/2016,3102.24,10187.16,6492.37
12/29/2016,3096.1,10159.45,6470.38
12/30/2016,3103.64,10177.14,6472.23
1/3/2017,3135.92,10262.85,6510.91
1/4/2017,3158.79,10384.87,6600.2
1/5/2017,3165.41,10371.47,6587.13
1/6/2017,3154.32,10289.36,6520.05
1/9/2017,3171.24,10331.79,6546.61
1/10/2017,3161.67,10306.34,6531.1
1/11/2017,3136.75,10215.48,6481.31
1/12/2017,3119.29,10131.23,6415.37
1/13/2017,3112.76,10008.3,6324.51
1/16/2017,3103.43,9712.8,6146.85
1/17/2017,3108.78,9826.79,6215.17
1/18/2017,3113.01,9804.76,6206.26
1/19/2017,3101.3,9768.57,6186.37
1/20/2017,3123.14,9906.14,6265.49
1/23/2017,3136.78,9976.19,6296.35
1/24/2017,3142.55,9941.55,6275.08
1/25/2017,3149.56,9977.96,6300.31
1/26/2017,3159.17,10052.05,6341.38
2/3/2017,3140.17,10004.84,6335.56
2/6/2017,3156.98,10078.73,6381.61
2/7/2017,3153.09,10055.57,6362.21
2/8/2017,3166.98,10130.12,6414.75
2/9/2017,3183.18,10182.73,6445.23
2/10/2017,3196.7,10186.38,6442.28
2/13/2017,3216.84,10270.83,6499.69
2/14/2017,3217.93,10264.92,6504.99
2/15/2017,3212.99,10177.25,6449.05
2/16/2017,3229.62,10253.96,6499.05
2/17/2017,3202.08,10197.92,6465.45
2/20/2017,3239.96,10329,6546.25
2/21/2017,3253.33,10405.75,6596.76
2/22/2017,3261.22,10444.38,6628.92
2/23/2017,3251.38,10432.64,6627.87
2/24/2017,3253.43,10443.73,6635.27
2/27/2017,3228.66,10353.56,6600.17
2/28/2017,3241.73,10391.34,6625.6
3/1/2017,3246.93,10418.62,6640.58
3/2/2017,3230.03,10367.31,6623.81
3/3/2017,3218.31,10397.05,6679.28
3/6/2017,3233.87,10522.28,6752.41
3/7/2017,3242.41,10552.14,6761.63
3/8/2017,3240.67,10498.31,6720.37
3/9/2017,3216.75,10421.06,6676.27
3/10/2017,3212.76,10451.01,6718.11
3/13/2017,3237.02,10559.88,6808.17
3/14/2017,3239.33,10531.73,6791.67
3/15/2017,3241.76,10543.01,6786.82
3/16/2017,3268.94,10624.42,6839.94
3/17/2017,3237.45,10515.41,6759.8
3/20/2017,3250.81,10532.33,6762.07
3/21/2017,3261.61,10586.62,6800.83
3/22/2017,3245.22,10553.53,6786.08
3/23/2017,3248.55,10583.04,6809.97
3/24/2017,3269.45,10646.72,6861.22
3/27/2017,3266.96,10581.92,6829.63
3/28/2017,3252.95,10563.29,6811.28
3/29/2017,3241.31,10520.82,6793.75
3/30/2017,3210.24,10348.27,6676.77
3/31/2017,3222.51,10428.72,6745.68
4/5/2017,3270.31,10627.13,6861.79
4/6/2017,3281.01,10656.17,6872.64
4/7/2017,3286.62,10669.48,6882.71
4/10/2017,3269.39,10603.28,6831.55
4/11/2017,3288.97,10655.79,6856.09
4/12/2017,3273.83,10587.31,6807.76
4/13/2017,3275.96,10654.09,6853.58
4/14/2017,3246.07,10519.86,6774.89
4/17/2017,3222.17,10450.86,6756.2
4/18/2017,3196.71,10411.44,6736.96
4/19/2017,3170.69,10348.41,6702.94
4/20/2017,3172.1,10359.09,6729.15
4/21/2017,3173.15,10314.35,6691.46
4/24/2017,3129.53,10091.89,6545.84
4/25/2017,3134.57,10165.22,6594.21
4/26/2017,3140.85,10204.84,6640.8
4/27/2017,3152.19,10229.19,6642.05
4/28/2017,3154.66,10234.65,6640.18
5/2/2017,3143.71,10223.97,6622.17
5/3/2017,3135.35,10184.14,6592.93
5/4/2017,3127.37,10147.44,6575.57
5/5/2017,3103.04,10024.44,6493.18
5/8/2017,3078.61,9833.17,6409.54
5/9/2017,3080.53,9885.34,6448.75
5/10/2017,3052.79,9756.81,6399.52
5/11/2017,3061.5,9776.45,6407.04
5/12/2017,3083.51,9787.99,6403.11
5/15/2017,3090.23,9845.6,6460.51
5/16/2017,3112.96,10046.66,6599.34
5/17/2017,3104.44,10030.11,6567.88
5/18/2017,3090.14,9974.35,6515.76
5/19/2017,3090.63,9970.96,6496.08
5/22/2017,3075.68,9899.65,6481.61
5/23/2017,3061.95,9763.78,6422.46
5/24/2017,3064.08,9812.46,6460.3
5/25/2017,3107.83,9893.78,6485.86
5/26/2017,3110.06,9859.24,6442.21
5/31/2017,3117.18,9864.85,6444.75
6/1/2017,3102.62,9730.33,6384.63
6/2/2017,3105.54,9794.89,6420.93
6/5/2017,3091.66,9842.6,6469.52
6/6/2017,3102.13,9915.92,6509.93
6/7/2017,3140.33,10109.88,6654.13
6/8/2017,3150.33,10148.72,6654.58
6/9/2017,3158.4,10177.45,6695.29
6/12/2017,3139.88,10119.99,6640.79
6/13/2017,3153.74,10224.82,6729.57
6/14/2017,3130.67,10151.53,6680.06
6/15/2017,3132.49,10221.69,6724.23
6/16/2017,3123.17,10191.24,6704.95
6/19/2017,3144.37,10262.8,6725.08
6/20/2017,3140.01,10288.53,6743.41
6/21/2017,3156.21,10367.17,6818.4
6/22/2017,3147.45,10265.2,6753.98
6/23/2017,3157.87,10366.78,6823.53
6/26/2017,3185.44,10537.59,6930.8
6/27/2017,3191.2,10535.36,6924.58
6/28/2017,3173.2,10451.57,6873.76
6/29/2017,3188.06,10511.86,6939.66
6/30/2017,3192.43,10529.61,6946.43
7/3/2017,3195.91,10535.05,6936.58
7/4/2017,3182.8,10474.83,6896.35
7/5/2017,3207.13,10561.09,6968.92
7/6/2017,3212.44,10562.06,6966.82
7/7/2017,3217.96,10563.72,6971.46
7/10/2017,3212.63,10505.6,6932.05
7/11/2017,3203.04,10467.71,6887.39
7/12/2017,3197.54,10453.19,6892.51
7/13/2017,3218.16,10466.1,6905.94
7/14/2017,3222.42,10427.79,6916.65
7/17/2017,3176.47,10055.8,6721.52
7/18/2017,3187.57,10103.76,6723.31
7/19/2017,3230.98,10295.58,6881.14
7/20/2017,3244.87,10366.98,6935.01
7/21/2017,3237.98,10364.82,6956.81
7/24/2017,3250.6,10404.22,6963.35
7/25/2017,3243.69,10353.21,6920.45
7/26/2017,3247.68,10297.34,6882.67
7/27/2017,3249.78,10395.19,6957.4
7/28/2017,3253.24,10437.94,6995.56
7/31/2017,3273.03,10505.04,7054.96
8/1/2017,3292.64,10525.35,7070.7
8/2/2017,3285.06,10469.34,7053.9
8/3/2017,3272.93,10436.17,6989.86
8/4/2017,3262.08,10361.23,6913.45
8/7/2017,3279.46,10451.08,6960.84
8/8/2017,3281.87,10496.25,6975.62
8/9/2017,3275.57,10544.59,7000.95
8/10/2017,3261.75,10480.64,6994.76
8/11/2017,3208.54,10291.35,6892.32
8/14/2017,3237.36,10519.8,7079.92
8/15/2017,3251.26,10559.78,7129.65
8/16/2017,3246.45,10600.78,7174.27
8/17/2017,3268.43,10653.73,7197.91
8/18/2017,3268.72,10614.08,7163.48
8/21/2017,3286.91,10689.77,7213.47
8/22/2017,3290.23,10653.98,7197.3
8/23/2017,3287.71,10619.34,7179.6
8/24/2017,3271.51,10552.96,7125.78
8/25/2017,3331.52,10659.01,7196.63
8/28/2017,3362.65,10809.74,7299.12
8/29/2017,3365.23,10762.37,7274.99
8/30/2017,3363.63,10813.93,7305.33
8/31/2017,3360.81,10816.64,7326.76
9/1/2017,3367.12,10880.56,7383.46
9/4/2017,3379.58,10962.85,7438.86
9/5/2017,3384.32,10986.95,7481.02
9/6/2017,3385.39,11024.59,7486.27
9/7/2017,3365.5,10969.13,7441.96
9/8/2017,3365.24,10970.77,7448.77
9/11/2017,3376.42,11053.73,7537.53
9/12/2017,3379.49,11043.61,7547.99
9/13/2017,3384.15,11091.49,7566.77
9/14/2017,3371.43,11070.49,7517.13
9/15/2017,3353.62,11063.1,7488.37
9/18/2017,3362.86,11153.53,7567.67
9/19/2017,3356.85,11083.9,7503.86
9/20/2017,3366,11191.13,7597
9/21/2017,3357.81,11098.34,7571.29
9/22/2017,3352.53,11069.82,7525.4
9/25/2017,3341.55,10930.67,7452.47
9/26/2017,3343.58,10950.77,7451.77
9/27/2017,3345.27,11036.78,7522.08
9/28/2017,3339.64,11031.42,7523.37
9/29/2017,3348.94,11087.19,7561.78
10/9/2017,3374.38,11264.27,7652.52
10/10/2017,3382.99,11329.51,7694.9
10/11/2017,3388.28,11312.5,7728.69
10/12/2017,3386.1,11307.33,7708.99
10/13/2017,3390.52,11399.09,7784.13
10/16/2017,3378.47,11271.2,7739.66
10/17/2017,3372.04,11275.34,7726.54
10/18/2017,3381.79,11282.75,7756.07
10/19/2017,3370.17,11189.55,7716.25
10/20/2017,3378.65,11238.88,7752.53
10/23/2017,3380.7,11306.31,7797.58
10/24/2017,3388.25,11339.13,7815.38
10/25/2017,3396.9,11437.21,7853.79
10/26/2017,3407.57,11461.29,7856.87
10/27/2017,3416.81,11444.52,7820.66
10/30/2017,3390.34,11312.61,7746.61
10/31/2017,3393.34,11367.62,7827.09
11/1/2017,3395.91,11350.32,7812.03
11/2/2017,3383.31,11292.42,7794.38
11/3/2017,3371.74,11215.19,7756.58
11/6/2017,3388.17,11373.74,7848.91
11/7/2017,3413.58,11467.97,7925.86
11/8/2017,3415.46,11447.4,7902.17
11/9/2017,3427.8,11553.24,8001.8
11/10/2017,3432.67,11645.05,8068.46
11/13/2017,3447.84,11695,8153.39
11/14/2017,3429.55,11582.93,8059.14
11/15/2017,3402.53,11462.11,7893.46
11/16/2017,3399.25,11537.96,7958.32
11/17/2017,3382.91,11292.93,7801.45
11/20/2017,3392.4,11437.55,7966.21
11/21/2017,3410.5,11602.1,8083.17
11/22/2017,3430.46,11560.8,8034.08
11/23/2017,3351.92,11175.47,7748.83
11/24/2017,3353.82,11168.39,7731.24
11/27/2017,3322.23,10954.18,7553.44
11/28/2017,3333.66,11091.14,7676.27
11/29/2017,3337.86,11082.13,7657.15
11/30/2017,3317.19,10944.1,7553.3
12/1/2017,3317.62,11013.15,7645.37
12/4/2017,3309.62,11014.55,7628.29
12/5/2017,3303.68,10854.76,7483.9
12/6/2017,3293.97,10911.33,7537.11
12/7/2017,3272.05,10801.25,7435.59
12/8/2017,3289.99,10935.06,7544.59
12/11/2017,3322.2,11143.26,7694.67
12/12/2017,3280.81,11043.21,7653.83
12/13/2017,3303.04,11143.89,7711.41
12/14/2017,3292.44,11110.18,7669.86
12/15/2017,3266.14,10998.12,7586.94
12/18/2017,3267.92,10960.12,7503
12/19/2017,3296.54,11075,7581.72
12/20/2017,3287.61,11003.33,7539.72
12/21/2017,3300.06,11118.25,7650.54
12/22/2017,3297.06,11094.16,7615.2
12/25/2017,3280.46,11005.5,7537.57
12/26/2017,3306.13,11021.83,7550.35
12/27/2017,3275.78,10911.21,7457.46
12/28/2017,3296.39,10974.01,7494.52
12/29/2017,3307.17,11040.45,7554.86
1/2/2018,3348.33,11178.05,7632.63
1/3/2018,3369.11,11280.3,7727.67
1/4/2018,3385.71,11341.35,7766.77
1/5/2018,3391.75,11342.85,7715.8
1/8/2018,3409.48,11382.72,7719.08
1/9/2018,3413.9,11447.09,7749.52
1/10/2018,3421.83,11437.08,7719.43
1/11/2018,3425.35,11464.2,7781.15
1/12/2018,3428.94,11461.99,7755.69
1/15/2018,3410.49,11307.46,7599.96
1/16/2018,3436.59,11386.91,7610.68
1/17/2018,3444.67,11303.97,7550.33
1/18/2018,3474.75,11319.91,7550.41
1/19/2018,3487.86,11296.27,7560.67
1/22/2018,3501.36,11513.08,7685.19
1/23/2018,3546.51,11555.26,7723.27
1/24/2018,3559.47,11607.57,7738.55
1/25/2018,3548.31,11552.56,7713.6
1/26/2018,3558.13,11557.82,7675.4
1/29/2018,3523,11352.72,7534.56
1/30/2018,3488.01,11278.78,7522.69
1/31/2018,3480.83,11159.68,7420.66
2/1/2018,3446.98,10864.34,7225.88
2/2/2018,3462.08,10925.16,7291.82
2/5/2018,3487.5,10836.25,7222.96
2/6/2018,3370.65,10377.61,6912.98
2/7/2018,3309.26,10246.97,6858.31
2/8/2018,3262.05,10372.59,7011.22
2/9/2018,3129.85,10001.23,6795.81
2/12/2018,3154.13,10291.88,7029.77
2/13/2018,3184.96,10362.43,7054.73
2/14/2018,3199.16,10431.91,7087.03
2/22/2018,3268.56,10658.94,7270.95
2/23/2018,3289.02,10662.79,7285.18
2/26/2018,3329.57,10895.56,7488.43
2/27/2018,3292.07,10807.54,7443.55
2/28/2018,3259.41,10828.73,7477.26
3/1/2018,3273.76,10943.13,7581.89
3/2/2018,3254.53,10856.25,7456.25
3/5/2018,3256.93,10875.68,7481.86
3/6/2018,3289.64,11007.95,7555.12
3/7/2018,3271.67,10904.99,7468.98
3/8/2018,3288.41,11019.08,7521.22
3/9/2018,3307.17,11194.91,7665.17
3/12/2018,3326.7,11326.27,7781.58
3/13/2018,3310.24,11241.41,7699.05
3/14/2018,3291.38,11139.63,7631.72
3/15/2018,3291.11,11163.65,7651.02
3/16/2018,3269.88,11051.12,7563.5
3/19/2018,3279.25,11068.49,7581.28
3/20/2018,3290.64,11077.8,7579.72
3/21/2018,3280.95,10980.55,7529.62
3/22/2018,3263.48,10877.25,7465.55
3/23/2018,3152.76,10439.99,7160.37
3/26/2018,3133.72,10564.38,7282.92
3/27/2018,3166.65,10775.71,7457.67
3/28/2018,3122.29,10630.69,7338.64
3/29/2018,3160.53,10755.92,7361.46
3/30/2018,3168.9,10868.66,7443.59
4/2/2018,3163.18,10852.95,7396.41
4/3/2018,3136.63,10754.29,7345.32
4/4/2018,3131.11,10684.56,7280.35
4/9/2018,3138.29,10653.38,7250.82
4/10/2018,3190.32,10765.62,7345.91
4/11/2018,3208.08,10808.37,7376.13
4/12/2018,3180.16,10726.96,7320.69
4/13/2018,3159.05,10687.02,7292.32
4/16/2018,3110.65,10621.79,7260.85
4/17/2018,3066.8,10395.16,7041.31
4/18/2018,3091.4,10491.15,7124.23
4/19/2018,3117.38,10598.35,7183.22
4/20/2018,3071.54,10408.91,7065.41
4/23/2018,3068.01,10330.63,6977.44
4/24/2018,3128.93,10556.82,7114.48
4/25/2018,3117.97,10547.1,7114.16
4/26/2018,3075.03,10292.12,6940.68
4/27/2018,3082.23,10324.47,6998.77
5/2/2018,3081.18,10342.85,7038.24
5/3/2018,3100.86,10458.62,7104.13
5/4/2018,3091.03,10426.19,7129.33
5/7/2018,3136.65,10626.51,7254.61
5/8/2018,3161.5,10707.8,7299.26
5/9/2018,3159.15,10689.07,7299.28
5/10/2018,3174.41,10729.77,7334.62
5/11/2018,3163.26,10634.3,7287.98
5/14/2018,3174.03,10671.46,7364.55
5/15/2018,3192.12,10747.99,7406.36
5/16/2018,3169.57,10701.32,7392.62
5/17/2018,3154.28,10635.5,7347
5/18/2018,3193.3,10672.52,7341.24
5/21/2018,3213.84,10765.35,7428.02
5/22/2018,3214.35,10765.81,7423.8
5/23/2018,3168.96,10631.12,7335.86
5/24/2018,3154.65,10564.13,7281.76
5/25/2018,3141.3,10448.23,7193.44
5/28/2018,3135.08,10465.54,7215.65
5/29/2018,3120.46,10349.07,7129.85
5/30/2018,3041.44,10105.8,6961.95
5/31/2018,3095.47,10295.73,7097.42
6/1/2018,3075.14,10169.35,7001.55
6/4/2018,3091.19,10204.32,6993.09
6/5/2018,3114.21,10385.61,7147.09
6/6/2018,3115.18,10365.13,7142.59
6/7/2018,3109.5,10313.85,7106.51
6/8/2018,3067.15,10205.52,7035.09
6/11/2018,3052.78,10175.35,6996.98
6/12/2018,3079.8,10315.28,7067.11
6/13/2018,3049.8,10161.65,6956.64
6/14/2018,3044.16,10084.18,6914.34
6/15/2018,3021.9,9943.13,6817.15
6/19/2018,2907.82,9414.76,6488.9
6/20/2018,2915.73,9501.34,6559.49
6/21/2018,2875.81,9316.68,6421.08
6/22/2018,2889.76,9409.95,6498.97
6/25/2018,2859.34,9324.83,6447.09
6/26/2018,2844.51,9339.37,6460.89
6/27/2018,2813.18,9168.66,6327.4
6/28/2018,2786.9,9071.73,6260.81
6/29/2018,2847.42,9379.48,6477.77
7/2/2018,2775.56,9179.8,6369.74
7/3/2018,2786.89,9221.54,6370.91
7/4/2018,2759.13,9035.49,6250.07
7/5/2018,2733.88,8862.18,6121.32
7/6/2018,2747.23,8911.34,6162.29
7/9/2018,2815.11,9160.62,6345.34
7/10/2018,2827.63,9205.43,6389.77
7/11/2018,2777.77,9023.82,6286.93
7/12/2018,2837.66,9273.61,6463.25
7/13/2018,2831.18,9326.97,6504.02
7/16/2018,2814.04,9317.36,6501.38
7/17/2018,2798.13,9285.16,6481.09
7/18/2018,2787.26,9195.24,6410.67
7/19/2018,2772.55,9148.78,6396.14
7/20/2018,2829.27,9251.48,6479.21
7/23/2018,2859.54,9314.3,6528.12
7/24/2018,2905.56,9465.8,6606.33
7/25/2018,2903.65,9463.76,6605.99
7/26/2018,2882.23,9352.25,6499.09
7/27/2018,2873.59,9295.93,6468.87
7/30/2018,2869.05,9181.94,6373.81
7/31/2018,2876.4,9178.78,6352.48
8/1/2018,2824.53,9005.37,6240.22
8/2/2018,2768.02,8780.56,6084.94
8/3/2018,2740.44,8602.12,5942
8/6/2018,2705.16,8422.84,5796.36
8/7/2018,2779.37,8674.03,5960
8/8/2018,2744.07,8499.22,5832.32
8/9/2018,2794.38,8752.2,6036.14
8/10/2018,2795.31,8813.49,6083.43
8/13/2018,2785.87,8844.86,6127.16
8/14/2018,2780.97,8784.9,6066.81
8/15/2018,2723.26,8581.18,5930.66
8/16/2018,2705.19,8500.42,5862.12
8/17/2018,2668.97,8357.04,5761.12
8/20/2018,2698.47,8414.15,5815.63
8/21/2018,2733.83,8549.06,5917
8/22/2018,2714.61,8454.75,5841.99
8/23/2018,2724.62,8501.39,5876.37
8/24/2018,2729.43,8484.74,5851.91
8/27/2018,2780.9,8728.56,6020.96
8/28/2018,2777.98,8733.75,6022.96
8/29/2018,2769.3,8678.26,5979.99
8/30/2018,2737.74,8552.8,5910.99
8/31/2018,2725.25,8465.47,5844.98
9/3/2018,2720.73,8455.55,5824.89
9/4/2018,2750.58,8554.44,5910.98
9/5/2018,2704.34,8402.51,5817.04
9/6/2018,2691.59,8324.16,5747.95
9/7/2018,2702.3,8322.36,5714.39
9/10/2018,2669.49,8158.49,5564.24
9/11/2018,2664.8,8168.1,5574.29
9/12/2018,2656.11,8111.16,5518.44
9/13/2018,2686.58,8163.76,5555.96
9/14/2018,2681.64,8113.88,5533.3
9/17/2018,2651.79,7999.35,5448.14
9/18/2018,2699.95,8133.22,5542.7
9/19/2018,2730.85,8248.12,5627.71
9/20/2018,2729.24,8233.89,5616.92
9/21/2018,2797.49,8409.18,5749.21
9/25/2018,2781.14,8353.38,5714.51
9/26/2018,2806.81,8420.54,5766.11
9/27/2018,2791.78,8334.75,5702.33
9/28/2018,2821.35,8401.09,5750.77
10/8/2018,2716.51,8060.83,5486.88
10/9/2018,2721.01,8046.39,5448.13
10/10/2018,2725.84,8010.69,5405.95
10/11/2018,2583.46,7524.09,5069.94
10/12/2018,2606.91,7558.28,5099.71
10/15/2018,2568.1,7444.48,5041.86
10/16/2018,2546.33,7298.98,4930.41
10/17/2018,2561.61,7365.21,4987.33
10/18/2018,2486.42,7187.49,4886.08
10/19/2018,2550.47,7387.74,5009.14
10/22/2018,2654.88,7748.82,5263.82
10/23/2018,2594.83,7574.99,5114.42
10/24/2018,2603.3,7545.11,5077.53
10/25/2018,2603.8,7529.41,5056.93
10/26/2018,2598.85,7504.72,5027.15
10/29/2018,2542.1,7322.24,4909.62
10/30/2018,2568.05,7375.23,4923.8
10/31/2018,2602.78,7482.83,4999.83
11/1/2018,2606.24,7567.8,5077.86
11/2/2018,2676.48,7867.54,5317.61
11/5/2018,2665.43,7839.08,5289.09
11/6/2018,2659.36,7791.25,5210.32
11/7/2018,2641.34,7752.04,5166.36
11/8/2018,2635.63,7698.02,5118.18
11/9/2018,2598.87,7648.55,5089.84
11/12/2018,2630.52,7832.29,5220.36
11/13/2018,2654.88,7963.66,5292.36
11/14/2018,2632.24,7908.55,5243.48
11/15/2018,2668.17,8002.1,5300.04
11/16/2018,2679.11,8062.29,5345.53
11/19/2018,2703.51,8108.85,5369.56
11/20/2018,2645.85,7879.52,5212.37
11/21/2018,2651.51,7908.47,5224.42
11/22/2018,2645.43,7893.99,5231.67
11/23/2018,2579.48,7636.7,5043.9
11/26/2018,2575.81,7615.91,5020.95
11/27/2018,2574.68,7635.16,5027.11
11/28/2018,2601.74,7757.07,5109.57
11/29/2018,2567.44,7597.01,5006
11/30/2018,2588.19,7681.75,5087.57
12/3/2018,2654.8,7938.47,5275.91
12/4/2018,2665.96,7953.72,5282.01
12/5/2018,2649.81,7928.51,5278.66
12/6/2018,2605.18,7735.05,5132.72
12/7/2018,2605.89,7733.89,5128.49
12/10/2018,2584.58,7624.86,5050.66
12/11/2018,2594.09,7685.4,5077.64
12/12/2018,2602.15,7698.02,5080.2
12/13/2018,2634.05,7808.04,5140.13
12/14/2018,2593.74,7629.65,5014.62
12/17/2018,2597.97,7592.65,4978.37
12/18/2018,2576.65,7530.32,4935.98
12/19/2018,2549.56,7418.69,4849.91
12/20/2018,2536.27,7426.44,4846.33
12/21/2018,2516.25,7337.6,4769.66
12/24/2018,2527.01,7392.56,4811.29
12/25/2018,2504.82,7332.35,4785.35
12/26/2018,2498.29,7289.55,4747.58
12/27/2018,2483.09,7215.34,4689.76
12/28/2018,2493.9,7239.79,4703.03
1/2/2019,2465.29,7149.27,4647.54
1/3/2019,2464.36,7089.44,4588.08
1/4/2019,2514.87,7284.84,4716.47
1/7/2019,2533.09,7400.2,4814.22
1/8/2019,2526.46,7391.65,4813.6
1/9/2019,2544.34,7447.93,4845.79
1/10/2019,2535.1,7428.61,4838.24
1/11/2019,2553.83,7474.01,4863.63
1/14/2019,2535.77,7409.2,4819.7
1/15/2019,2570.34,7547.35,4905.2
1/16/2019,2570.42,7540.45,4893.04
1/17/2019,2559.64,7470.36,4850.2
1/18/2019,2596.01,7581.39,4926.27
1/21/2019,2610.51,7626.24,4960.96
1/22/2019,2579.7,7516.79,4890.78
1/23/2019,2581,7523.77,4887.24
1/24/2019,2591.69,7573.52,4920.11
1/25/2019,2601.72,7595.45,4945.27
1/28/2019,2596.98,7589.58,4954.63
1/29/2019,2594.25,7551.3,4904.71
1/30/2019,2575.58,7470.47,4842.97
1/31/2019,2584.57,7479.22,4836.61
2/1/2019,2618.23,7684,5004.49
2/11/2019,2653.9,7919.05,5174.37
2/12/2019,2671.89,8010.07,5224.81
2/13/2019,2721.07,8171.21,5334.67
2/14/2019,2719.7,8219.96,5378.74
2/15/2019,2682.39,8125.63,5313.99
2/18/2019,2754.36,8446.92,5540.07
2/19/2019,2755.65,8440.87,5534.39
2/20/2019,2761.22,8473.43,5565.94
2/21/2019,2751.8,8451.71,5552.57
2/22/2019,2804.23,8651.2,5688.88
2/25/2019,2961.28,9134.58,5985.31
2/26/2019,2941.52,9089.04,5964.78
2/27/2019,2953.82,9005.77,5881.48
2/28/2019,2940.95,9031.93,5893.69
3/1/2019,2994.01,9167.65,5939.92
3/4/2019,3027.58,9384.42,6074.02
3/5/2019,3054.25,9595.74,6215.88
3/6/2019,3102.1,9700.49,6274.22
3/7/2019,3106.42,9678.11,6244.14
3/8/2019,2969.86,9363.72,6081.05
3/11/2019,3026.99,9704.33,6317.72
3/12/2019,3060.31,9841.24,6401.21
3/13/2019,3026.95,9592.06,6212.23
3/14/2019,2990.69,9417.93,6112.59
3/15/2019,3021.75,9550.54,6198.56
3/18/2019,3096.42,9843.43,6367.84
3/19/2019,3090.98,9839.74,6358.48
3/20/2019,3090.64,9800.6,6324.83
3/21/2019,3101.46,9869.8,6365.43
3/22/2019,3104.15,9879.22,6367.47
3/25/2019,3043.03,9701.7,6244.21
3/26/2019,2997.1,9513,6126.43
3/27/2019,3022.72,9609.44,6175.54
3/28/2019,2994.94,9546.51,6137.7
3/29/2019,3090.76,9906.86,6379.98
4/1/2019,3170.36,10267.7,6610.07
4/2/2019,3176.82,10260.36,6596.58
4/3/2019,3216.3,10340.51,6649.53
4/4/2019,3246.57,10415.8,6662.74
4/8/2019,3244.81,10351.87,6580.05
4/9/2019,3239.66,10436.62,6589.38
4/10/2019,3241.93,10435.08,6574.23
4/11/2019,3189.96,10158.4,6413.63
4/12/2019,3188.63,10132.34,6411.38
4/15/2019,3177.79,10053.76,6356.75
4/16/2019,3253.6,10287.64,6497.48
4/17/2019,3263.12,10344.43,6533.64
4/18/2019,3250.2,10287.67,6476.82
4/19/2019,3270.8,10418.24,6530.41
4/22/2019,3215.04,10224.31,6417.32
4/23/2019,3198.59,10124.66,6348.08
4/24/2019,3201.61,10236.27,6412.07
4/25/2019,3123.83,9907.62,6221.8
4/26/2019,3086.4,9780.82,6102.36
4/29/2019,3062.5,9622.49,6013.23
4/30/2019,3078.34,9674.53,6044.44
5/6/2019,2906.46,8943.52,5605.28
5/7/2019,2926.39,9089.46,5689.11
5/8/2019,2893.76,9002.53,5633.41
5/9/2019,2850.95,8877.31,5540.28
5/10/2019,2939.21,9235.39,5742.94
5/13/2019,2903.71,9103.36,5618.83
5/14/2019,2883.61,9038.36,5570.42
5/15/2019,2938.68,9259.03,5700.07
5/16/2019,2955.71,9293.32,5713.28
5/17/2019,2882.3,9000.19,5546.33
5/20/2019,2870.6,8916.11,5473.17
5/21/2019,2905.97,9087.52,5597.91
5/22/2019,2891.7,9041.22,5559.09
5/23/2019,2852.52,8809.53,5395.83
5/24/2019,2852.99,8776.77,5357.34
5/27/2019,2892.38,8979.83,5494.61
5/28/2019,2909.91,9035.69,5529.95
5/29/2019,2914.7,9010.36,5508.67
5/30/2019,2905.81,8943.35,5479.88
5/31/2019,2898.7,8922.69,5474.76
6/3/2019,2890.08,8856.99,5445.44
6/4/2019,2862.28,8748.27,5382.65
6/5/2019,2861.42,8746.05,5371.64
6/6/2019,2827.8,8584.94,5262.87
6/10/2019,2852.13,8711.79,5367.92
6/11/2019,2925.72,9037.67,5558.26
6/12/2019,2909.38,8954.72,5513.18
6/13/2019,2910.74,8951.61,5507.18
6/14/2019,2881.97,8810.13,5416.59
6/17/2019,2887.62,8780.87,5393.21
6/18/2019,2890.16,8804.32,5413.44
6/19/2019,2917.8,8925.73,5514.64
6/20/2019,2987.12,9134.96,5632.95
6/21/2019,3001.98,9214.27,5688.94
6/24/2019,3008.15,9212.12,5685.17
6/25/2019,2982.07,9118.1,5608.39
6/26/2019,2976.28,9122.43,5638.73
6/27/2019,2996.79,9239.48,5715.51
6/28/2019,2978.88,9178.31,5678.75
7/1/2019,3044.9,9530.46,5908.05
7/2/2019,3043.94,9545.52,5912.97
7/3/2019,3015.26,9419.84,5829.45
7/4/2019,3005.25,9368.3,5770.55
7/5/2019,3011.06,9443.22,5799.3
7/8/2019,2933.36,9186.29,5653.32
7/9/2019,2928.23,9198.79,5652.85
7/10/2019,2915.3,9166.15,5623.36
7/11/2019,2917.76,9152.77,5599.28
7/12/2019,2930.55,9213.38,5625.79
7/15/2019,2942.19,9309.42,5687.53
7/16/2019,2937.62,9283.41,5671.34
7/17/2019,2931.69,9302,5700.58
7/18/2019,2901.18,9154.65,5584.23
7/19/2019,2924.2,9228.55,5625.47
7/22/2019,2886.97,9122.64,5589.92
7/23/2019,2899.94,9175.83,5637.55
7/24/2019,2923.28,9266.3,5706.89
7/25/2019,2937.36,9344.82,5777.49
7/26/2019,2944.54,9349,5795.02
7/29/2019,2941.01,9354.28,5801.96
7/30/2019,2952.34,9399.1,5818.44
7/31/2019,2932.51,9326.61,5794.71
8/1/2019,2908.77,9268.05,5767.17
8/2/2019,2867.84,9136.46,5669.62
8/5/2019,2821.5,8984.73,5556.53
8/6/2019,2777.56,8859.47,5490.62
8/7/2019,2768.68,8814.74,5463.37
8/8/2019,2794.55,8919.28,5521.22
8/9/2019,2774.75,8795.18,5455.94
8/12/2019,2814.99,8978.52,5592.19
8/13/2019,2797.26,8902.63,5531.33
8/14/2019,2808.91,8966.47,5571.27
8/15/2019,2815.8,9009.68,5626.1
8/16/2019,2823.82,9060.92,5673.09
8/19/2019,2883.1,9328.97,5840.81
8/20/2019,2880,9328.73,5834.64
8/21/2019,2880.33,9322.75,5828.91
8/22/2019,2883.44,9350.56,5849.57
8/23/2019,2897.43,9362.55,5865.11
8/26/2019,2863.57,9270.39,5807.52
8/27/2019,2902.19,9443.18,5933.24
8/28/2019,2893.76,9414,5916.33
8/29/2019,2890.92,9398.47,5916.03
8/30/2019,2886.24,9365.68,5883.09
9/2/2019,2924.11,9569.47,5998.5
9/3/2019,2930.15,9633.69,6078.76
9/4/2019,2957.41,9700.32,6104.13
9/5/2019,2985.86,9783.5,6156.81
9/6/2019,2999.6,9823.42,6177.7
9/9/2019,3024.74,10001.93,6299.58
9/10/2019,3021.2,9964.93,6274.31
9/11/2019,3008.81,9853.72,6198.72
9/12/2019,3031.24,9919.8,6238.59
9/16/2019,3030.75,9918.09,6255.62
9/17/2019,2978.12,9722.8,6131.38
9/18/2019,2985.66,9753.31,6164.06
9/19/2019,2999.28,9852.2,6226.25
9/20/2019,3006.45,9881.25,6253.91
9/23/2019,2977.08,9781.14,6205.47
9/24/2019,2985.34,9811.38,6221.04
9/25/2019,2955.43,9671.06,6110.03
9/26/2019,2929.09,9464.84,5989.68
9/27/2019,2932.17,9548.96,6077.23
9/30/2019,2905.19,9446.24,5997.8
10/8/2019,2913.57,9474.75,5984.25
10/9/2019,2924.86,9506.56,5999.53
10/10/2019,2947.71,9638.1,6101.07
10/11/2019,2973.66,9666.58,6104.16
10/14/2019,3007.88,9786.64,6192.94
10/15/2019,2991.05,9671.73,6084.34
10/16/2019,2978.71,9642.06,6082.18
10/17/2019,2977.33,9645.39,6117.31
10/18/2019,2938.14,9533.51,6044.63
10/21/2019,2939.62,9553.57,6065.05
10/22/2019,2954.38,9642.09,6127.99
10/23/2019,2941.62,9567.75,6074.94
10/24/2019,2940.92,9555.76,6075.46
10/25/2019,2954.93,9660.44,6163.93
10/28/2019,2980.05,9801.87,6270.07
10/29/2019,2954.18,9746.03,6230.93
10/30/2019,2939.32,9681.54,6199.97
10/31/2019,2929.06,9635.33,6149.6
11/1/2019,2958.2,9802.33,6217.91
11/4/2019,2975.49,9868.13,6268.69
11/5/2019,2991.56,9938.61,6328.71
11/6/2019,2978.6,9860.97,6277.12
11/7/2019,2978.71,9917.49,6309.05
11/8/2019,2964.18,9895.34,6309.01
11/11/2019,2909.97,9680.57,6206.76
11/12/2019,2914.82,9670.14,6203.06
11/13/2019,2905.24,9687.85,6221.32
11/14/2019,2909.87,9746.56,6265.67
11/15/2019,2891.34,9647.99,6197.52
11/18/2019,2909.2,9715.27,6241.42
11/19/2019,2933.99,9889.75,6367.11
11/20/2019,2911.05,9809.05,6303.27
11/21/2019,2903.64,9774.44,6292.77
11/22/2019,2885.29,9626.9,6175.57
11/25/2019,2906.17,9626.36,6117.39
11/26/2019,2907.06,9677.23,6154.78
11/27/2019,2903.19,9648.39,6151.27
11/28/2019,2889.69,9622.14,6114.96
11/29/2019,2871.98,9582.16,6096.48
12/2/2019,2875.81,9605.19,6107.52
12/3/2019,2884.7,9657.65,6123.14
12/4/2019,2878.12,9687.95,6132.98
12/5/2019,2899.47,9799.07,6232.74
12/6/2019,2912.01,9878.62,6289.46
12/9/2019,2914.48,9876.27,6249.64
12/10/2019,2917.32,9915.87,6275.67
12/11/2019,2924.42,9852.71,6242.07
12/12/2019,2915.7,9836.23,6225.13
12/13/2019,2967.68,10004.62,6339.26
12/16/2019,2984.39,10158.24,6452.13
12/17/2019,3022.42,10306.03,6546.45
12/18/2019,3017.04,10294.66,6553.12
12/19/2019,3017.07,10296.29,6528.5
12/20/2019,3004.94,10229.49,6495.23
12/23/2019,2962.75,10056.21,6381.13
12/24/2019,2982.68,10189.29,6470.89
12/25/2019,2981.88,10229.58,6504.84
12/26/2019,3007.35,10303.72,6543.3
12/27/2019,3005.04,10233.77,6500.48
12/30/2019,3040.02,10365.96,6570.22
12/31/2019,3050.12,10430.77,6632.68
1/2/2020,3085.2,10638.82,6809.48
1/3/2020,3083.79,10656.41,6829.66
1/6/2020,3083.41,10698.27,6888.38
1/7/2020,3104.8,10829.05,6964.9
1/8/2020,3066.89,10706.87,6869.35
1/9/2020,3094.88,10898.17,6997.64
1/10/2020,3092.29,10879.84,6981.08
1/13/2020,3115.57,11040.2,7118.54
1/14/2020,3106.82,10988.77,7114.85
1/15/2020,3090.04,10972.32,7125.42
1/16/2020,3074.08,10967.44,7130.16
1/17/2020,3075.5,10954.39,7110.72
1/20/2020,3095.79,11115.88,7237.24
1/21/2020,3052.14,10953.41,7144.73
1/22/2020,3060.75,11072.06,7281.65
1/23/2020,2976.53,10681.9,7040.36
2/3/2020,2746.61,9779.67,6433.43
2/4/2020,2783.29,10089.67,6669.46
2/5/2020,2818.09,10305.5,6815.68
2/6/2020,2866.51,10601.34,7006.25
2/7/2020,2875.96,10611.55,6996.56
2/10/2020,2890.49,10728.46,7061.57
2/11/2020,2901.67,10768.63,7109.18
2/12/2020,2926.9,10940.8,7221.48
2/13/2020,2906.07,10864.32,7172.58
2/14/2020,2917.01,10916.31,7215.13
2/17/2020,2983.62,11241.5,7431.55
2/18/2020,2984.97,11306.49,7447.63
2/19/2020,2975.4,11235.6,7400.57
2/20/2020,3030.15,11509.09,7589.16
2/21/2020,3039.67,11629.7,7686.88
2/24/2020,3031.23,11772.38,7786.66
2/25/2020,3013.05,11856.08,7880.87
2/26/2020,2987.93,11497.55,7591.81
2/27/2020,2991.33,11534.02,7597.13
2/28/2020,2880.3,10980.77,7256.44
3/2/2020,2970.93,11381.76,7510.47
3/3/2020,2992.9,11484.21,7563.93
3/4/2020,3011.67,11493.02,7532.92
3/5/2020,3071.68,11711.37,7633.78
3/6/2020,3034.51,11582.82,7566.09
