"","Date","SH","JP","NS"
"1",2015-03-09,3302.41,18790.55,4412.99
"2",2015-03-10,3286.07,18665.11,4329.08
"3",2015-03-11,3290.9,18723.52,4305.38
"4",2015-03-12,3349.32,18991.11,4336.23
"5",2015-03-13,3372.91,19254.25,4314.9
"6",2015-03-16,3449.31,19246.06,4370.47
"7",2015-03-17,3502.85,19437,4375.63
"8",2015-03-18,3577.3,19544.48,4422.5
"9",2015-03-19,3582.27,19476.56,4426.82
"10",2015-03-20,3617.32,19560.22,4458.54
"11",2015-03-23,3687.73,19754.36,4445.54
"12",2015-03-24,3691.41,19713.45,4430.99
"13",2015-03-25,3660.73,19746.2,4329.29
"14",2015-03-26,3682.1,19471.12,4315.26
"15",2015-03-27,3691.1,19285.63,4332.86
"16",2015-03-30,3786.57,19411.4,4382.82
"17",2015-03-31,3747.9,19206.99,4333.69
"18",2015-04-01,3810.29,19034.84,4311.26
"19",2015-04-02,3825.78,19312.79,4316.01
"20",2015-04-03,3863.93,19435.08,4350.98
"21",2015-04-07,3961.38,19397.98,4344.08
"22",2015-04-08,3994.81,19640.54,4375.96
"23",2015-04-09,3957.53,19789.81,4403.95
"24",2015-04-10,4034.31,19937.72,4422.02
"25",2015-04-13,4121.72,19907.63,4409.21
"26",2015-04-14,4135.57,19905.46,4397.64
"27",2015-04-15,4084.16,19908.68,4424.53
"28",2015-04-16,4194.82,19869.76,4418.83
"29",2015-04-17,4287.3,19885.77,4351.8
"30",2015-04-20,4217.08,19652.88,4417.4
"31",2015-04-21,4293.62,19634.49,4435.98
"32",2015-04-22,4398.49,19909.09,4460.81
"33",2015-04-23,4414.51,20133.9,4477.07
"34",2015-04-24,4393.69,20187.65,4536.78
"35",2015-04-27,4527.4,20020.04,4525.04
"36",2015-04-28,4476.22,19983.32,4515.27
"37",2015-04-29,4476.62,20058.95,4488.15
"38",2015-04-30,4441.66,19520.01,4414.25
"39",2015-05-04,4480.46,19531.63,4479.06
"40",2015-05-05,4298.71,19291.99,4482.61
"41",2015-05-06,4229.27,19379.19,4409.39
"42",2015-05-07,4112.21,19620.91,4379.75
"43",2015-05-08,4205.92,19624.84,4401.55
"44",2015-05-11,4333.58,19764.72,4458.65
"45",2015-05-12,4401.22,19570.24,4438.64
"46",2015-05-13,4375.76,19732.92,4420.65
"47",2015-05-14,4378.31,19890.27,4426.56
"48",2015-05-15,4308.69,20026.38,4495.04
"49",2015-05-18,4283.49,20196.56,4494.29
"50",2015-05-19,4417.55,20202.87,4512.95
"51",2015-05-20,4446.29,20264.41,4503.72
"52",2015-05-21,4529.42,20413.77,4505.3
"53",2015-05-22,4657.6,20437.48,4529.47
"54",2015-05-25,4813.8,20472.58,4527.16
"55",2015-05-26,4910.9,20551.46,4472.96
"56",2015-05-27,4941.71,20563.15,4546.06
"57",2015-05-28,4620.27,20569.87,4535.66
"58",2015-05-29,4611.74,20543.19,4508.25
"59",2015-06-01,4828.74,20473.51,4521.85
"60",2015-06-02,4910.53,20488.19,4508.89
"61",2015-06-03,4909.98,20460.9,4519.86
"62",2015-06-04,4947.1,20457.19,4487.03
"63",2015-06-05,5023.1,20096.3,4477.19
"64",2015-06-08,5131.88,20046.36,4431.51
"65",2015-06-09,5113.53,20382.97,4427.61
"66",2015-06-10,5106.04,20407.08,4485.46
"67",2015-06-11,5121.59,20387.79,4488.47
"68",2015-06-12,5166.35,20257.94,4453.79
"69",2015-06-15,5062.99,20219.27,4432.92
"70",2015-06-16,4887.43,19990.82,4455.9
"71",2015-06-17,4967.9,20174.24,4468.98
"72",2015-06-18,4785.36,20428.19,4531.85
"73",2015-06-19,4478.36,20809.42,4513.42
"74",2015-06-23,4576.49,20868.03,4544.04
"75",2015-06-24,4690.15,20771.4,4548.74
"76",2015-06-25,4527.78,20706.15,4524.6
"77",2015-06-26,4192.87,20109.95,4514.01
"78",2015-06-29,4053.03,20235.73,4484.28
"79",2015-06-30,4277.22,20329.32,4379.86
"80",2015-07-01,4053.7,20522.5,4396.76
"81",2015-07-02,3912.77,20539.79,4429.23
"82",2015-07-03,3686.92,20112.12,4433.39
"83",2015-07-06,3775.91,20376.59,4418.66
"84",2015-07-07,3727.13,19737.64,4429.06
"85",2015-07-08,3507.19,19855.5,4351.58
"86",2015-07-09,3709.33,19779.83,4352.03
"87",2015-07-10,3877.8,20089.77,4420.15
"88",2015-07-13,3970.39,20385.33,4494.47
"89",2015-07-14,3924.49,20463.33,4523.47
"90",2015-07-15,3805.7,20600.12,4528.36
"91",2015-07-16,3823.18,20650.92,4594.9
"92",2015-07-17,3957.35,20841.97,4661.6
"93",2015-07-20,3992.11,20593.67,4679.68
"94",2015-07-21,4017.68,20683.95,4674.41
"95",2015-07-22,4026.05,20544.53,4623.24
"96",2015-07-23,4123.92,20350.1,4602.83
"97",2015-07-24,4070.91,20328.89,4557.37
"98",2015-07-27,3725.56,20302.91,4519.09
"99",2015-07-28,3663,20522.83,4560.23
"100",2015-07-29,3789.17,20585.24,4581.6
"101",2015-07-30,3705.77,20548.11,4598.59
"102",2015-07-31,3663.73,20520.36,4588.91
"103",2015-08-03,3622.91,20614.06,4580.46
"104",2015-08-04,3756.55,20664.44,4567.47
"105",2015-08-05,3694.57,20724.56,4602.24
"106",2015-08-06,3661.54,20808.69,4528.51
"107",2015-08-07,3744.21,20720.75,4520.08
"108",2015-08-10,3928.42,20392.77,4573.11
"109",2015-08-11,3927.91,20595.55,4513.99
"110",2015-08-12,3886.32,20519.45,4528.19
"111",2015-08-13,3954.56,20620.26,4519.32
"112",2015-08-14,3965.34,20554.47,4530.74
"113",2015-08-17,3993.67,20222.63,4566.37
"114",2015-08-18,3748.16,20033.52,4542.07
"115",2015-08-19,3794.11,19435.83,4510.9
"116",2015-08-20,3664.29,18540.68,4385.13
"117",2015-08-21,3507.74,17806.7,4197.27
"118",2015-08-24,3209.91,18376.83,4038.6
"119",2015-08-25,2964.97,18574.44,4016.32
"120",2015-08-26,2927.29,19136.32,4219.6
"121",2015-08-27,3083.59,18890.48,4324.82
"122",2015-08-28,3232.35,18165.69,4329.12
"123",2015-08-31,3205.99,18095.4,4274.58
"124",2015-09-01,3166.62,18182.39,4142.63
"125",2015-09-02,3160.17,17792.16,4256.23
"126",2015-09-07,3080.42,17860.47,4234.65
"127",2015-09-08,3170.45,17427.08,4184.72
"128",2015-09-09,3243.09,18770.51,4303.53
"129",2015-09-10,3197.89,18299.62,4253.45
"130",2015-09-11,3200.23,18264.22,4296.3
"131",2015-09-14,3114.8,17965.7,4323.23
"132",2015-09-15,3005.17,18026.48,4308.76
"133",2015-09-16,3152.26,18171.6,4360.28
"134",2015-09-17,3086.06,18432.27,4383.67
"135",2015-09-18,3097.92,18070.21,4384.96
"136",2015-09-21,3156.54,17571.83,4323.86
"137",2015-09-22,3185.62,17880.51,4336.13
"138",2015-09-23,3115.89,17645.11,4274.1
"139",2015-09-24,3142.69,16930.84,4273.53
"140",2015-09-25,3092.35,17388.15,4261.1
"141",2015-09-28,3100.76,17722.42,4224.74
"142",2015-09-29,3038.14,17725.13,4103.47
"143",2015-09-30,3052.78,18005.49,4083.37
"144",2015-10-08,3143.36,18186.1,4181.06
"145",2015-10-09,3183.15,18322.98,4192.96
"146",2015-10-12,3287.66,18141.17,4267.45
"147",2015-10-13,3293.23,18438.67,4331.43
"148",2015-10-14,3262.44,18234.74,4306.7
"149",2015-10-15,3338.07,17891,4333.46
"150",2015-10-16,3391.35,18096.9,4350.15
"151",2015-10-19,3386.7,18291.8,4350.15
"152",2015-10-20,3425.33,18131.23,4382.56
"153",2015-10-21,3320.68,18207.15,4352.94
"154",2015-10-22,3368.74,18554.28,4346.92
"155",2015-10-23,3412.43,18435.87,4418.22
"156",2015-10-26,3429.58,18825.3,4438.62
"157",2015-10-27,3434.34,18947.12,4462.07
"158",2015-10-28,3375.2,18777.04,4438.18
"159",2015-10-29,3387.32,18903.02,4413.52
"160",2015-10-30,3382.56,18935.71,4503.22
"161",2015-11-02,3325.09,19083.1,4624.09
"162",2015-11-03,3316.7,18683.24,4630.85
"163",2015-11-04,3459.64,18926.91,4639.23
"164",2015-11-05,3522.82,19116.41,4678.58
"165",2015-11-06,3590.03,19265.6,4670.76
"166",2015-11-09,3646.88,19642.74,4648.83
"167",2015-11-10,3640.49,19671.26,4703.91
"168",2015-11-11,3650.25,19691.39,4719.05
"169",2015-11-12,3632.9,19697.77,4717.55
"170",2015-11-13,3580.84,19596.91,4702.9
"171",2015-11-16,3606.96,19393.69,4707.23
"172",2015-11-17,3604.8,19630.63,4655.52
"173",2015-11-18,3568.47,19649.18,4641.73
"174",2015-11-19,3617.06,19859.81,4636.94
"175",2015-11-20,3630.5,19879.81,4588.93
"176",2015-11-23,3610.32,19924.89,4502.14
"177",2015-11-24,3616.11,19847.58,4565.47
"178",2015-11-25,3647.93,19944.41,4565.82
"179",2015-11-26,3635.55,19883.94,4653.44
"180",2015-11-27,3436.3,19747.47,4655.35
"181",2015-11-30,3445.41,20012.4,4686.36
"182",2015-12-01,3456.31,19938.13,4674.79
"183",2015-12-02,3536.91,19939.9,4669.41
"184",2015-12-03,3584.82,19504.48,4672.88
"185",2015-12-04,3524.99,19698.15,4680.47
"186",2015-12-07,3536.93,19492.6,4664.51
"187",2015-12-08,3470.07,19301.07,4716.16
"188",2015-12-09,3472.44,19046.55,4686.22
"189",2015-12-10,3455.5,19230.48,4606.75
"190",2015-12-11,3434.58,18883.42,4716.12
"191",2015-12-14,3520.67,18565.9,4693.62
"192",2015-12-15,3510.35,19049.91,4694.77
"193",2015-12-16,3516.19,19353.56,4622.14
"194",2015-12-17,3580,18986.8,4643.05
"195",2015-12-18,3578.96,18916.02,4537.56
"196",2015-12-21,3642.47,18886.7,4570.16
"197",2015-12-22,3651.77,18789.69,4597.33
"198",2015-12-23,3636.09,18769.06,4664.56
"199",2015-12-24,3612.49,18873.35,4664.56
"200",2015-12-25,3627.91,18982.23,4514.83
"201",2015-12-28,3533.78,19033.71,4560.55
"202",2015-12-29,3563.74,18450.98,4589.26
"203",2015-12-30,3572.88,18374,4624.59
"204",2015-12-31,3539.18,18191.32,4622.77
"205",2016-01-04,3296.26,17767.34,4621.35
"206",2016-01-05,3287.71,17697.96,4691.08
"207",2016-01-06,3361.84,17218.96,4652.01
"208",2016-01-07,3125,17715.63,4593.27
"209",2016-01-08,3186.41,17240.95,4497.86
"210",2016-01-11,3016.7,17147.11,4484.18
"211",2016-01-12,3022.86,16955.57,4443.99
"212",2016-01-13,2949.6,17048.37,4305.72
"213",2016-01-14,3007.65,16416.19,4270.78
"214",2016-01-15,2900.97,16017.26,4283.55
"215",2016-01-18,2913.84,16958.53,4333.72
"216",2016-01-19,3007.74,17110.91,4183.12
"217",2016-01-20,2976.69,16708.9,4272.97
"218",2016-01-21,2880.48,17163.92,4141.08
"219",2016-01-22,2916.56,17041.45,4147.08
"220",2016-01-25,2938.52,17518.3,4136.28
"221",2016-01-26,2749.79,17865.23,4142.6
"222",2016-01-27,2735.56,17750.68,4259.77
"223",2016-01-28,2655.66,17191.25,4196.53
"224",2016-01-29,2737.6,17044.99,4233.85
"225",2016-02-01,2688.85,16819.59,4128.86
"226",2016-02-02,2749.57,17004.3,4186.06
"227",2016-02-03,2739.25,16085.44,4279.17
"228",2016-02-04,2781.02,15713.39,4286.56
"229",2016-02-05,2763.49,14952.61,4193.1
"230",2016-02-15,2746.2,16022.58,4171.97
"231",2016-02-16,2836.57,16054.43,4167.77
"232",2016-02-17,2867.34,15836.36,4024.47
"233",2016-02-18,2862.89,16196.8,3960.67
"234",2016-02-19,2860.02,15967.17,3947.8
"235",2016-02-22,2927.18,16111.05,3966.28
"236",2016-02-23,2903.33,16052.05,3962.22
"237",2016-02-24,2928.9,15915.79,4019.19
"238",2016-02-25,2741.25,16140.34,4104.33
"239",2016-02-26,2767.21,16188.41,4199.1
"240",2016-02-29,2687.98,16026.76,4151.49
"241",2016-03-01,2733.17,16085.51,4164.09
"242",2016-03-02,2849.68,16746.55,4231.27
"243",2016-03-03,2859.76,16960.16,4162.54
"244",2016-03-04,2874.15,17014.78,4200.66
"245",2016-03-07,2897.34,16911.32,4241.06
"246",2016-03-08,2901.39,16783.15,4235.62
"247",2016-03-09,2862.56,16642.2,4201.12
"248",2016-03-10,2804.73,16852.35,4333.61
"249",2016-03-11,2810.31,16938.87,4334.39
"250",2016-03-14,2859.5,17233.75,4325.86
"251",2016-03-15,2864.37,17117.07,4717.02
"252",2016-03-16,2870.43,16974.45,4303.33
"253",2016-03-17,2904.83,16936.38,4265.51
"254",2016-03-18,2955.15,16724.81,4293.23
"255",2016-03-21,3018.8,17048.55,4286.97
"256",2016-03-22,2999.36,17000.98,4361.83
"257",2016-03-23,3009.96,16892.33,4367.33
"258",2016-03-24,2960.97,17002.75,4367.08
"259",2016-03-25,2979.43,17134.37,4404.2
"260",2016-03-28,2957.82,17103.53,4400.26
"261",2016-03-29,2919.83,16878.96,4410.83
"262",2016-03-30,3000.65,16758.67,4426.98
"263",2016-03-31,3003.92,16164.16,4437.62
"264",2016-04-01,3009.53,16123.27,4402.56
"265",2016-04-05,3053.07,15732.82,4405.53
"266",2016-04-06,3050.59,15715.36,4398.07
"267",2016-04-07,3008.42,15749.84,4467.72
"268",2016-04-08,2984.96,15821.52,4490.88
"269",2016-04-11,3033.96,15751.13,4483.66
"270",2016-04-12,3023.65,15928.79,4532.08
"271",2016-04-13,3066.64,16381.22,4511.7
"272",2016-04-14,3082.36,16911.05,4470.75
"273",2016-04-15,3078.12,16848.03,4543.78
"274",2016-04-18,3033.66,16275.95,4475.29
"275",2016-04-19,3042.82,16874.44,4474.93
"276",2016-04-20,2972.58,16906.54,4458.71
"277",2016-04-21,2952.89,17363.62,4496.05
"278",2016-04-22,2959.24,17572.49,4554.72
"279",2016-04-25,2946.67,17439.3,4554.63
"280",2016-04-26,2964.7,17353.28,4543.16
"281",2016-04-27,2953.67,17290.49,4569.31
"282",2016-04-28,2945.59,16666.05,4540.96
"283",2016-04-29,2938.32,16147.38,4540.44
"284",2016-05-03,2992.64,16106.72,4540.8
"285",2016-05-04,2991.27,16216.03,4474.19
"286",2016-05-05,2997.84,16565.19,4474.13
"287",2016-05-06,2913.25,16579.01,4452.97
"288",2016-05-09,2832.11,16646.34,4416.64
"289",2016-05-10,2832.59,16412.21,4363.99
"290",2016-05-11,2837.04,16466.4,4381.3
"291",2016-05-12,2835.86,16652.8,4381.3
"292",2016-05-13,2827.11,16644.69,4341.39
"293",2016-05-16,2850.86,16646.66,4312.01
"294",2016-05-17,2843.68,16736.35,4309.48
"295",2016-05-18,2807.51,16654.6,4330.17
"296",2016-05-19,2806.91,16498.76,4341.23
"297",2016-05-20,2825.48,16757.35,4402.04
"298",2016-05-23,2843.65,16772.46,4361.03
"299",2016-05-24,2821.67,16834.84,4342.81
"300",2016-05-25,2815.09,17068.02,4326.53
"301",2016-05-26,2822.44,17234.98,4380.48
"302",2016-05-27,2821.05,16955.73,4322.56
"303",2016-05-30,2822.45,16562.55,4338.23
"304",2016-05-31,2916.62,16642.23,4315.58
"305",2016-06-01,2913.51,16580.03,4362.9
"306",2016-06-02,2925.23,16675.45,4355.1
"307",2016-06-03,2938.68,16830.92,4444.3
"308",2016-06-06,2934.1,16668.41,4476.43
"309",2016-06-07,2936.05,16601.36,4487.96
"310",2016-06-08,2927.16,16019.18,4512.54
"311",2016-06-13,2833.07,15859,4523.89
"312",2016-06-14,2842.19,15919.58,4520.07
"313",2016-06-15,2887.21,15434.14,4531.35
"314",2016-06-16,2872.82,15599.66,4509.79
"315",2016-06-17,2885.11,15965.3,4523.63
"316",2016-06-20,2888.81,16169.11,4513.09
"317",2016-06-21,2878.56,16065.72,4520.63
"318",2016-06-22,2905.55,16238.35,4512.69
"319",2016-06-23,2891.96,14952.02,4461.05
"320",2016-06-24,2854.29,15309.21,4422.76
"321",2016-06-27,2895.7,15323.14,4424.91
"322",2016-06-28,2912.56,15566.83,4409.51
"323",2016-06-29,2931.59,15575.92,4424.23
"324",2016-06-30,2929.61,15682.48,4374.38
"325",2016-07-01,2932.48,15775.8,4400.16
"326",2016-07-04,2988.6,15669.33,4413.4
"327",2016-07-05,3006.39,15378.99,4404.73
"328",2016-07-06,3017.29,15276.24,4467.48
"329",2016-07-07,3016.85,15106.98,4285.7
"330",2016-07-08,2988.09,15708.82,4201.05
"331",2016-07-11,2994.92,16095.65,4290.47
"332",2016-07-12,3049.38,16231.43,4364.74
"333",2016-07-13,3060.69,16385.89,4417.7
"334",2016-07-14,3054.02,16497.85,4437.45
"335",2016-07-15,3054.3,16723.31,4410.75
"336",2016-07-18,3043.56,16681.89,4444.7
"337",2016-07-19,3036.6,16810.22,4459.58
"338",2016-07-20,3027.9,16627.25,4528.36
"339",2016-07-21,3039.01,16620.29,4554.71
"340",2016-07-22,3012.82,16383.04,4577.61
"341",2016-07-25,3015.83,16664.82,4565.77
"342",2016-07-26,3050.17,16476.84,4596.49
"343",2016-07-27,2992,16569.27,4589.83
"344",2016-07-28,2994.32,16635.77,4619.68
"345",2016-07-29,2979.34,16391.45,4603.28
"346",2016-08-01,2953.39,16083.11,4657.2
"347",2016-08-02,2971.28,16254.89,4647.02
"348",2016-08-03,2978.46,16254.45,4666.07
"349",2016-08-04,2982.43,16650.57,4665.93
"350",2016-08-05,2976.7,16764.97,4672.11
"351",2016-08-08,3004.28,16735.12,4702.88
"352",2016-08-09,3025.68,16919.92,4721.41
"353",2016-08-10,3018.75,16869.56,4730.23
"354",2016-08-11,3002.64,16596.51,4756.04
"355",2016-08-12,3050.67,16745.64,4719.21
"356",2016-08-15,3125.2,16486.01,4734.33
"357",2016-08-16,3110.04,16545.82,4743.81
"358",2016-08-17,3109.56,16598.19,4791.21
"359",2016-08-18,3104.11,16497.36,4784.74
"360",2016-08-19,3108.1,16597.3,4795.75
"361",2016-08-22,3084.81,16555.95,4783.39
"362",2016-08-23,3089.71,16360.71,4803.31
"363",2016-08-24,3085.88,16737.49,4807.08
"364",2016-08-25,3068.33,16725.36,4827.12
"365",2016-08-26,3070.31,16887.4,4797.19
"366",2016-08-29,3070.03,16926.84,4805.45
"367",2016-08-30,3074.68,16925.68,4808.68
"368",2016-08-31,3085.49,17037.63,4806.14
"369",2016-09-01,3063.31,17081.98,4808.56
"370",2016-09-02,3067.35,17012.44,4818.48
"371",2016-09-05,3072.1,16958.77,4783.49
"372",2016-09-06,3090.71,16965.76,4775.43
"373",2016-09-07,3091.93,16672.92,4783.69
"374",2016-09-08,3095.95,16729.04,4791.09
"375",2016-09-09,3078.86,16614.24,4775.99
"376",2016-09-12,3021.98,16405.01,4771.05
"377",2016-09-13,3023.51,16519.29,4783.94
"378",2016-09-14,3002.85,16492.15,4798.74
"379",2016-09-19,3026.05,16807.62,4829.51
"380",2016-09-20,3023,16754.02,4831.86
"381",2016-09-21,3025.87,16544.56,4804
"382",2016-09-22,3042.31,16683.93,4681.53
"383",2016-09-23,3033.9,16465.4,4764.65
"384",2016-09-26,2980.43,16693.71,4722.84
"385",2016-09-27,2998.17,16449.84,4746.06
"386",2016-09-28,2987.86,16598.67,4819.9
"387",2016-09-29,2998.48,16735.65,4818.05
"388",2016-09-30,3004.7,16819.24,4796.07
"389",2016-10-10,3048.14,16899.1,4805.22
"390",2016-10-11,3065.25,16860.09,4853.75
"391",2016-10-12,3058.5,17024.76,4891.36
"392",2016-10-13,3061.35,16840,4858.91
"393",2016-10-14,3063.81,16774.24,4817.17
"394",2016-10-17,3041.17,16856.37,4866.71
"395",2016-10-18,3083.88,16900.12,4875.27
"396",2016-10-19,3084.72,16963.61,4838.3
"397",2016-10-20,3084.46,16998.91,4875.7
"398",2016-10-21,3090.94,17235.5,4866.63
"399",2016-10-24,3128.25,17184.59,4859.47
"400",2016-10-25,3131.94,17234.42,4877.75
"401",2016-10-26,3116.31,17365.25,4873.92
"402",2016-10-27,3112.35,17391.84,4864.52
"403",2016-10-28,3104.27,17336.42,4893.77
"404",2016-10-31,3100.49,17446.41,4821.91
"405",2016-11-01,3122.44,17425.02,4819.63
"406",2016-11-02,3102.73,17442.4,4803.1
"407",2016-11-03,3128.94,17134.68,4808.49
"408",2016-11-04,3125.32,16906.5,4796.17
"409",2016-11-07,3133.33,17169.5,4839.72
"410",2016-11-08,3147.89,17171.38,4836.61
"411",2016-11-09,3128.37,16238.5,4832.71
"412",2016-11-10,3171.28,17361.5,4851.86
"413",2016-11-11,3196.04,17374.79,4909.97
"414",2016-11-14,3210.37,17672.62,4891.45
"415",2016-11-15,3206.99,17662.5,4860.59
"416",2016-11-16,3205.06,17862.5,4836.45
"417",2016-11-17,3208.45,17872.5,4805.59
"418",2016-11-18,3192.86,17967.41,4801.27
"419",2016-11-21,3218.15,18106.02,4766.94
"420",2016-11-22,3248.35,18162.94,4726.91
"421",2016-11-23,3241.14,18333.41,4679.1
"422",2016-11-24,3241.74,18381.22,4660.46
"423",2016-11-25,3261.94,18356.89,4773.73
"424",2016-11-28,3277,18307.04,4804.92
"425",2016-11-29,3282.92,18308.48,4825.18
"426",2016-11-30,3250.03,18513.12,4747.03
"427",2016-12-01,3273.31,18426.08,4751.95
"428",2016-12-02,3243.84,18274.99,4702.04
"429",2016-12-05,3204.71,18360.54,4764.47
"430",2016-12-06,3199.65,18496.69,4792.27
"431",2016-12-07,3222.24,18765.47,4826.59
"432",2016-12-08,3215.37,18996.37,4808.04
"433",2016-12-09,3232.88,19155.03,4859
"434",2016-12-12,3152.97,19250.52,4873.84
"435",2016-12-13,3155.04,19253.61,4853.86
"436",2016-12-14,3140.53,19273.79,4870.02
"437",2016-12-15,3117.68,19401.15,4857.02
"438",2016-12-16,3122.98,19391.6,4873.21
"439",2016-12-19,3118.09,19494.53,4810.81
"440",2016-12-20,3102.88,19444.49,4734.1
"441",2016-12-21,3137.43,19427.67,4739.37
"442",2016-12-22,3139.56,19396.64,4778.14
"443",2016-12-23,3110.15,19403.06,4788.67
"444",2016-12-26,3122.57,19401.72,4851.94
"445",2016-12-27,3114.66,19145.14,4859.19
"446",2016-12-28,3102.24,19114.37,4895.9
"447",2016-12-29,3096.1,19594.16,4874.3
"448",2016-12-30,3103.64,19520.69,4935.84
"449",2017-01-03,3135.92,19454.33,4921.22
"450",2017-01-04,3158.79,19301.44,4933.41
"451",2017-01-05,3165.41,19364.67,4914.86
"452",2017-01-06,3154.32,19134.7,4934.85
"453",2017-01-09,3171.24,19287.28,4953.8
"454",2017-01-10,3161.67,19095.24,4948.9
"455",2017-01-11,3136.75,18813.53,4934.39
"456",2017-01-12,3119.29,18894.37,4940.02
"457",2017-01-13,3112.76,19072.25,4965.81
"458",2017-01-16,3103.43,19137.91,4926.29
"459",2017-01-17,3108.78,18891.03,4918.28
"460",2017-01-18,3113.01,18787.99,4863.62
"461",2017-01-19,3101.3,19057.5,4911.33
"462",2017-01-20,3123.14,19402.39,4937.2
"463",2017-01-23,3136.78,19467.4,4964.95
"464",2017-01-24,3142.55,19368.85,5007.08
"465",2017-01-25,3149.56,19041.34,5024.9
"466",2017-01-26,3159.17,19148.08,5035.17
"467",2017-02-03,3140.17,18914.58,5050.21
"468",2017-02-06,3156.98,18918.2,5041.43
"469",2017-02-07,3153.09,18976.71,5059.51
"470",2017-02-08,3166.98,18910.78,5044.65
"471",2017-02-09,3183.18,19007.6,5055.85
"472",2017-02-10,3196.7,18907.67,5051.17
"473",2017-02-13,3216.84,19378.93,5063.2
"474",2017-02-14,3217.93,19459.15,5065.7
"475",2017-02-15,3212.99,19238.98,5101.06
"476",2017-02-16,3229.62,19437.98,5151.47
"477",2017-02-17,3202.08,19347.53,5156.92
"478",2017-02-20,3239.96,19234.62,5168.06
"479",2017-02-21,3253.33,19251.08,5129.33
"480",2017-02-22,3261.22,19381.44,5116.77
"481",2017-02-23,3251.38,19379.87,5152.69
"482",2017-02-24,3253.43,19371.46,5147.7
"483",2017-02-27,3228.66,19283.54,5161.6
"484",2017-02-28,3241.73,19107.47,5167.96
"485",2017-03-01,3246.93,19118.99,5185.88
"486",2017-03-02,3230.03,19393.54,5196.58
"487",2017-03-03,3218.31,19564.8,5212.16
"488",2017-03-06,3233.87,19469.17,5226.69
"489",2017-03-07,3242.41,19379.14,5256.82
"490",2017-03-08,3240.67,19344.15,5271.07
"491",2017-03-09,3216.75,19254.03,5302.39
"492",2017-03-10,3212.76,19318.58,5300.64
"493",2017-03-13,3237.02,19604.61,5324.72
"494",2017-03-14,3239.33,19633.75,5350.73
"495",2017-03-15,3241.76,19609.5,5352.13
"496",2017-03-16,3268.94,19577.38,5332.37
"497",2017-03-17,3237.45,19590.14,5343.31
"498",2017-03-20,3250.81,19521.59,5347.55
"499",2017-03-21,3261.61,19455.88,5330.31
"500",2017-03-22,3245.22,19041.38,5390.99
"501",2017-03-23,3248.55,19085.31,5363.26
"502",2017-03-24,3269.45,19262.53,5373.48
"503",2017-03-27,3266.96,18985.59,5360.31
"504",2017-03-28,3252.95,19202.87,5351.28
"505",2017-03-29,3241.31,19217.48,5359.8
"506",2017-03-30,3210.24,19063.22,5363.98
"507",2017-03-31,3222.51,18909.26,5385.9
"508",2017-04-05,3270.31,18983.23,5394.57
"509",2017-04-06,3281.01,18810.25,5382.17
"510",2017-04-07,3286.62,18861.27,5416.25
"511",2017-04-10,3269.39,18597.06,5412.08
"512",2017-04-11,3288.97,18664.63,5408.76
"513",2017-04-12,3273.83,18797.88,5413.31
"514",2017-04-13,3275.96,18747.87,5332.53
"515",2017-04-14,3246.07,18552.61,5367.55
"516",2017-04-17,3222.17,18426.84,5355.14
"517",2017-04-18,3196.71,18335.63,5364
"518",2017-04-19,3170.69,18355.26,5374.27
"519",2017-04-20,3172.1,18418.59,5407.21
"520",2017-04-21,3173.15,18432.2,5430.27
"521",2017-04-24,3129.53,18430.49,5439.74
"522",2017-04-25,3134.57,18620.75,5436.23
"523",2017-04-26,3140.85,18875.88,5432.2
"524",2017-04-27,3152.19,19079.33,5440.41
"525",2017-04-28,3154.66,19289.43,5418.52
"526",2017-05-02,3143.71,19251.87,5420.88
"527",2017-05-03,3135.35,19196.74,5418.37
"528",2017-05-04,3127.37,19310.52,5421.68
"529",2017-05-05,3103.04,19445.7,5398.4
"530",2017-05-08,3078.61,19895.7,5377.03
"531",2017-05-09,3080.53,19843,5353.59
"532",2017-05-10,3052.79,19900.09,5399.2
"533",2017-05-11,3061.5,19961.55,5391.66
"534",2017-05-12,3083.51,19883.9,5399.64
"535",2017-05-15,3090.23,19869.85,5443.53
"536",2017-05-16,3112.96,19919.82,5442.05
"537",2017-05-17,3104.44,19814.88,5508.03
"538",2017-05-18,3090.14,19553.86,5548.19
"539",2017-05-19,3090.63,19590.76,5541.09
"540",2017-05-22,3075.68,19678.28,5571.28
"541",2017-05-23,3061.95,19613.28,5583.53
"542",2017-05-24,3064.08,19742.98,5629.63
"543",2017-05-25,3107.83,19813.13,5644.07
"544",2017-05-26,3110.06,19686.84,5625.16
"545",2017-05-31,3117.18,19682.57,5626.32
"546",2017-06-01,3102.62,19677.85,5646.09
"547",2017-06-02,3105.54,19650.57,5659.07
"548",2017-06-05,3091.66,19860.03,5678.31
"549",2017-06-06,3102.13,20177.28,5681.68
"550",2017-06-07,3140.33,20170.82,5674.22
"551",2017-06-08,3150.33,19979.9,5686.81
"552",2017-06-09,3158.4,19984.62,5704.48
"553",2017-06-12,3139.88,19909.26,5724.44
"554",2017-06-13,3153.74,20013.26,5580.55
"555",2017-06-14,3130.67,19908.58,5626.31
"556",2017-06-15,3132.49,19898.75,5651.56
"557",2017-06-16,3123.17,19883.52,5699.4
"558",2017-06-19,3144.37,19831.82,5703.35
"559",2017-06-20,3140.01,19943.26,5730.3
"560",2017-06-21,3156.21,20067.75,5778.37
"561",2017-06-22,3147.45,20230.41,5788.36
"562",2017-06-23,3157.87,20138.79,5794.63
"563",2017-06-26,3185.44,20110.51,5788.8
"564",2017-06-27,3191.2,20132.67,5816.51
"565",2017-06-28,3173.2,20153.35,5881.46
"566",2017-06-29,3188.06,20225.09,5878.12
"567",2017-06-30,3192.43,20130.41,5856.77
"568",2017-07-03,3195.91,20220.3,5877.59
"569",2017-07-04,3182.8,20033.43,5885.3
"570",2017-07-05,3207.13,20055.8,5741.94
"571",2017-07-06,3212.44,20032.35,5708.18
"572",2017-07-07,3217.96,20081.63,5751.82
"573",2017-07-10,3212.63,19994.06,5727.07
"574",2017-07-11,3203.04,19929.09,5700.89
"575",2017-07-12,3197.54,20080.98,5681.48
"576",2017-07-13,3218.16,20195.48,5772.22
"577",2017-07-14,3222.42,20098.38,5726.31
"578",2017-07-17,3176.47,20099.81,5782.39
"579",2017-07-18,3187.57,20118.86,5779.87
"580",2017-07-19,3230.98,19999.91,5803.11
"581",2017-07-20,3244.87,20020.86,5777.59
"582",2017-07-21,3237.98,20144.59,5671.6
"583",2017-07-24,3250.6,20099.75,5753.03
"584",2017-07-25,3243.69,19975.67,5653.02
"585",2017-07-26,3247.68,19955.2,5646.92
"586",2017-07-27,3249.78,20050.16,5596.96
"587",2017-07-28,3253.24,20079.64,5648.82
"588",2017-07-31,3273.03,19959.84,5597.9
"589",2017-08-01,3292.64,19925.18,5656.47
"590",2017-08-02,3285.06,19985.79,5694.15
"591",2017-08-03,3272.93,20080.04,5709.8
"592",2017-08-04,3262.08,20029.26,5778.95
"593",2017-08-07,3279.46,19952.33,5793.36
"594",2017-08-08,3281.87,20055.89,5838.08
"595",2017-08-09,3275.57,19996.01,5839.74
"596",2017-08-10,3261.75,19738.71,5880.1
"597",2017-08-11,3208.54,19729.74,5916.16
"598",2017-08-14,3237.36,19537.1,5921.22
"599",2017-08-15,3251.26,19753.31,5921.52
"600",2017-08-16,3246.45,19729.28,5941.37
"601",2017-08-17,3268.43,19702.63,5930.65
"602",2017-08-18,3268.72,19470.41,5950.73
"603",2017-08-21,3286.91,19393.13,5917.03
"604",2017-08-22,3290.23,19383.84,5908.92
"605",2017-08-23,3287.71,19434.64,5880.33
"606",2017-08-24,3271.51,19353.77,5895.17
"607",2017-08-25,3331.52,19452.61,5914.23
"608",2017-08-28,3362.65,19449.9,5891.2
"609",2017-08-29,3365.23,19362.55,5899.91
"610",2017-08-30,3363.63,19506.54,5934.73
"611",2017-08-31,3360.81,19646.24,5926.35
"612",2017-09-01,3367.12,19691.47,5919.39
"613",2017-09-04,3379.58,19508.25,5788.19
"614",2017-09-05,3384.32,19385.81,5831.53
"615",2017-09-06,3385.39,19357.97,5908.17
"616",2017-09-07,3365.5,19396.52,5907.73
"617",2017-09-08,3365.24,19274.82,5917.42
"618",2017-09-11,3376.42,19545.77,5796.32
"619",2017-09-12,3379.49,19776.62,5790.91
"620",2017-09-13,3384.15,19865.82,5786.54
"621",2017-09-14,3371.43,19807.44,5873.33
"622",2017-09-15,3353.62,19909.5,5851.78
"623",2017-09-18,3362.86,20299.38,5834.44
"624",2017-09-19,3356.85,20310.46,5822.53
"625",2017-09-20,3366,20347.48,5838.08
"626",2017-09-21,3357.81,20296.45,5862.14
"627",2017-09-22,3352.53,20397.58,5932.9
"628",2017-09-25,3341.55,20330.19,5988.6
"629",2017-09-26,3343.58,20267.05,5987.9
"630",2017-09-27,3345.27,20363.11,5932.73
"631",2017-09-28,3339.64,20356.28,5951.13
"632",2017-09-29,3348.94,20400.78,5964.31
"633",2017-10-09,3374.38,20614.07,5913.37
"634",2017-10-10,3382.99,20626.66,5980.53
"635",2017-10-11,3388.28,20628.56,5995.64
"636",2017-10-12,3386.1,20690.71,6004.38
"637",2017-10-13,3390.52,20823.51,5968.82
"638",2017-10-16,3378.47,20881.27,5988
"639",2017-10-17,3372.04,20954.72,5981.12
"640",2017-10-18,3381.79,21155.18,5991.08
"641",2017-10-19,3370.17,21255.56,5973.6
"642",2017-10-20,3378.65,21336.12,5934.91
"643",2017-10-23,3380.7,21363.05,5932.32
"644",2017-10-24,3388.25,21448.52,5867.35
"645",2017-10-25,3396.9,21457.64,5881.34
"646",2017-10-26,3407.57,21696.65,5937.79
"647",2017-10-27,3416.81,21805.17,5933.07
"648",2017-10-30,3390.34,21707.62,5979.3
"649",2017-10-31,3393.34,21739.78,5981.92
"650",2017-11-01,3395.91,22008.45,5995.06
"651",2017-11-02,3383.31,22011.67,5998.84
"652",2017-11-03,3371.74,22011.61,6057.14
"653",2017-11-06,3388.17,22420.08,6064.57
"654",2017-11-07,3413.58,22539.12,6058.53
"655",2017-11-08,3415.46,22548.35,6063.52
"656",2017-11-09,3427.8,22937.6,6081.25
"657",2017-11-10,3432.67,22913.82,6069.99
"658",2017-11-13,3447.84,22868.71,6092.45
"659",2017-11-14,3429.55,22681.42,6114.53
"660",2017-11-15,3402.53,22380.99,6122.61
"661",2017-11-16,3399.25,22380.01,6114.35
"662",2017-11-17,3382.91,22028.32,6092.62
"663",2017-11-20,3392.4,22351.12,6108.82
"664",2017-11-21,3410.5,22396.8,6067.83
"665",2017-11-22,3430.46,22261.76,6080.22
"666",2017-11-23,3351.92,22416.48,6055.04
"667",2017-11-24,3353.82,22523.15,6037.87
"668",2017-11-27,3322.23,22550.85,6213.47
"669",2017-11-28,3333.66,22495.99,6227.59
"670",2017-11-29,3337.86,22486.24,6248.56
"671",2017-11-30,3317.19,22597.2,6248.65
"672",2017-12-01,3317.62,22724.96,6236.39
"673",2017-12-04,3309.62,22819.03,6295.58
"674",2017-12-05,3303.68,22723,6313.61
"675",2017-12-06,3293.97,22622.38,6320.78
"676",2017-12-07,3272.05,22177.04,6345.81
"677",2017-12-08,3289.99,22701.35,6312.21
"678",2017-12-11,3322.2,22811.08,6309.07
"679",2017-12-12,3280.81,22938.73,6316.18
"680",2017-12-13,3303.04,22866.17,6293.64
"681",2017-12-14,3292.44,22758.07,6258.36
"682",2017-12-15,3266.14,22694.45,6339.14
"683",2017-12-18,3267.92,22553.22,6314.51
"684",2017-12-19,3296.54,22901.77,6308.61
"685",2017-12-20,3287.61,22868,6378.63
"686",2017-12-21,3300.06,22891.72,6386.12
"687",2017-12-22,3297.06,22866.1,6409.29
"688",2017-12-25,3280.46,22902.76,6405.97
"689",2017-12-26,3306.13,22939.18,6422.56
"690",2017-12-27,3275.78,22892.69,6311.38
"691",2017-12-28,3296.39,22911.21,6365.56
"692",2017-12-29,3307.17,22783.98,6337.87
"693",2018-01-02,3348.33,22764.94,6263.7
"694",2018-01-03,3369.11,23506.33,6265.11
"695",2018-01-04,3385.71,23714.53,6293.05
"696",2018-01-05,3391.75,23849.99,6316.28
"697",2018-01-08,3409.48,23788.2,6344.57
"698",2018-01-09,3413.9,23710.43,6393.89
"699",2018-01-10,3421.83,23653.82,6383.65
"700",2018-01-11,3425.35,23714.88,6394.67
"701",2018-01-12,3428.94,23951.81,6389.91
"702",2018-01-15,3410.49,23868.34,6466.32
"703",2018-01-16,3436.59,23763.37,6513.27
"704",2018-01-17,3444.67,23808.06,6480.67
"705",2018-01-18,3474.75,23816.33,6472.48
"706",2018-01-19,3487.86,24059.59,6472.69
"707",2018-01-22,3501.36,23940.78,6465.17
"708",2018-01-23,3546.51,23669.49,6433.16
"709",2018-01-24,3559.47,23631.88,6435.15
"710",2018-01-25,3548.31,23629.34,6441.42
"711",2018-01-26,3558.13,23291.97,6396.42
"712",2018-01-29,3523,23098.29,6511.34
"713",2018-01-30,3488.01,23486.11,6575.8
"714",2018-01-31,3480.83,23274.53,6584.58
"715",2018-02-01,3446.98,22682.08,6653.29
"716",2018-02-02,3462.08,21610.24,6676.63
"717",2018-02-05,3487.5,21645.37,6677.94
"718",2018-02-06,3370.65,21890.86,6662.66
"719",2018-02-07,3309.26,21382.62,6708.49
"720",2018-02-08,3262.05,21244.68,6758.54
"721",2018-02-09,3129.85,21154.17,6737.14
"722",2018-02-12,3154.13,21464.98,6810.28
"723",2018-02-13,3184.96,21720.25,6811.38
"724",2018-02-14,3199.16,22149.21,6834.33
"725",2018-02-22,3268.56,21925.1,6906.28
"726",2018-02-23,3289.02,21970.81,6963.46
"727",2018-02-26,3329.57,21736.44,6919.35
"728",2018-02-27,3292.07,21892.78,6916.3
"729",2018-02-28,3259.41,22153.63,7022.97
"730",2018-03-01,3273.76,22389.86,6988.32
"731",2018-03-02,3254.53,22068.24,6930.73
"732",2018-03-05,3256.93,21724.47,6949.99
"733",2018-03-06,3289.64,21181.64,6901.5
"734",2018-03-07,3271.67,21042.09,6760.29
"735",2018-03-08,3288.41,21417.76,6495.92
"736",2018-03-09,3307.17,21252.72,6665.98
"737",2018-03-12,3326.7,21368.07,6582.02
"738",2018-03-13,3310.24,21469.2,6306.1
"739",2018-03-14,3291.38,21824.03,6412.68
"740",2018-03-15,3291.11,21968.1,6523.85
"741",2018-03-16,3269.88,21777.29,6553.86
"742",2018-03-19,3279.25,21803.95,6675.03
"743",2018-03-20,3290.64,21676.51,6794.92
"744",2018-03-21,3280.95,21480.9,6770.66
"745",2018-03-22,3263.48,21380.97,6779.7
"746",2018-03-23,3152.76,21591.99,6759.26
"747",2018-03-26,3133.72,20617.86,6761.85
"748",2018-03-27,3166.65,20766.1,6896.6
"749",2018-03-28,3122.29,21317.32,6989.1
"750",2018-03-29,3160.53,21031.31,6900.35
"751",2018-03-30,3168.9,21159.08,6854.42
"752",2018-04-02,3163.18,21454.3,6750.54
"753",2018-04-03,3136.63,21388.58,6811.04
"754",2018-04-04,3131.11,21292.29,6881.28
"755",2018-04-09,3138.29,21319.55,6913.02
"756",2018-04-10,3190.32,21645.42,6929.39
"757",2018-04-11,3208.08,21567.52,6966.43
"758",2018-04-12,3180.16,21678.26,7101.18
"759",2018-04-13,3159.05,21794.32,7131.12
"760",2018-04-16,3110.65,21687.1,7046.51
"761",2018-04-17,3066.8,21660.28,7040.98
"762",2018-04-18,3091.4,21778.74,7030.97
"763",2018-04-19,3117.38,21835.53,7019.95
"764",2018-04-20,3071.54,21847.59,6864.88
"765",2018-04-23,3068.01,22158.2,6885.92
"766",2018-04-24,3128.93,22191.18,6853.45
"767",2018-04-25,3117.97,22162.24,6682.26
"768",2018-04-26,3075.03,22088.04,6508.09
"769",2018-04-27,3082.23,22278.12,6753.83
"770",2018-05-02,3081.18,22215.32,6529.84
"771",2018-05-03,3100.86,22319.61,6460.81
"772",2018-05-04,3091.03,22467.87,6581.13
"773",2018-05-07,3136.65,22508.03,6390.84
"774",2018-05-08,3161.5,22472.78,6458.83
"775",2018-05-09,3159.15,22467.16,6560.06
"776",2018-05-10,3174.41,22508.69,6594.84
"777",2018-05-11,3163.26,22408.88,6433.21
"778",2018-05-14,3174.03,22497.18,6472.34
"779",2018-05-15,3192.12,22758.48,6615.87
"780",2018-05-16,3169.57,22865.86,6583.44
"781",2018-05-17,3154.28,22818.02,6656.25
"782",2018-05-18,3193.3,22717.23,6628.34
"783",2018-05-21,3213.84,22838.37,6675.18
"784",2018-05-22,3214.35,22930.36,6817.29
"785",2018-05-23,3168.96,23002.37,6833.21
"786",2018-05-24,3154.65,22960.34,6774.89
"787",2018-05-25,3141.3,22689.74,6667.75
"788",2018-05-28,3135.08,22437.01,6648.8
"789",2018-05-29,3120.46,22450.79,6509.05
"790",2018-05-30,3041.44,22481.09,6513.94
"791",2018-05-31,3095.47,22358.43,6649.65
"792",2018-06-01,3075.14,22018.52,6656.35
"793",2018-06-04,3091.19,22201.82,6605.57
"794",2018-06-05,3114.21,22171.35,6681.96
"795",2018-06-06,3115.18,22475.94,6644.48
"796",2018-06-07,3109.5,22539.54,6643.48
"797",2018-06-08,3067.15,22625.73,6769.12
"798",2018-06-11,3052.78,22823.26,6821.87
"799",2018-06-12,3079.8,22694.5,6815.48
"800",2018-06-13,3049.8,22804.04,6893.21
"801",2018-06-14,3044.16,22878.35,6963.55
"802",2018-06-15,3021.9,22966.38,6952.56
"803",2018-06-19,2907.82,22738.61,6964.37
"804",2018-06-20,2915.73,22851.75,6888.54
"805",2018-06-21,2875.81,22680.33,6929.97
"806",2018-06-22,2889.76,22278.48,6901.63
"807",2018-06-25,2859.34,22555.43,6866.25
"808",2018-06-26,2844.51,22693.04,6905.53
"809",2018-06-27,2813.18,22516.83,6893.62
"810",2018-06-28,2786.9,22338.15,6953.63
"811",2018-06-29,2847.42,22342,6949.7
"812",2018-07-02,2775.56,22271.77,6960.92
"813",2018-07-03,2786.89,22270.39,6926.54
"814",2018-07-04,2759.13,22304.51,6976.37
"815",2018-07-05,2733.88,21811.93,6967.73
"816",2018-07-06,2747.23,21785.54,7083.93
"817",2018-07-09,2815.11,21717.04,7143.57
"818",2018-07-10,2827.63,21546.99,7166.75
"819",2018-07-11,2777.77,21788.14,7210.08
"820",2018-07-12,2837.66,22052.18,7152.83
"821",2018-07-13,2831.18,22196.89,7152.62
"822",2018-07-16,2814.04,21932.21,7168.48
"823",2018-07-17,2798.13,22187.96,7209.18
"824",2018-07-18,2787.26,22597.35,7205.26
"825",2018-07-19,2772.55,22697.36,7279.59
"826",2018-07-20,2829.27,22794.19,7255.76
"827",2018-07-23,2859.54,22764.68,7251.41
"828",2018-07-24,2905.56,22697.88,7228.04
"829",2018-07-25,2903.65,22396.99,7280.7
"830",2018-07-26,2882.23,22510.48,7217.49
"831",2018-07-27,2873.59,22614.25,7197.51
"832",2018-07-30,2869.05,22586.87,7038.17
"833",2018-07-31,2876.4,22712.75,7068.2
"834",2018-08-01,2824.53,22544.84,6969.67
"835",2018-08-02,2768.02,22553.72,7031.6
"836",2018-08-03,2740.44,22746.7,7040.8
"837",2018-08-06,2705.16,22512.53,7097.82
"838",2018-08-07,2779.37,22525.18,7014.55
"839",2018-08-08,2744.07,22507.32,7101.05
"840",2018-08-09,2794.38,22662.74,7207.33
"841",2018-08-10,2795.31,22644.31,7276
"842",2018-08-13,2785.87,22598.39,7282.6
"843",2018-08-14,2780.97,22298.08,7243.98
"844",2018-08-15,2723.26,21857.43,7366.25
"845",2018-08-16,2705.19,22356.08,7375.82
"846",2018-08-17,2668.97,22204.22,7357.9
"847",2018-08-20,2698.47,22192.04,7403.89
"848",2018-08-21,2733.83,22270.38,7390.13
"849",2018-08-22,2714.61,22199,7352.36
"850",2018-08-23,2724.62,22219.73,7350.23
"851",2018-08-24,2729.43,22362.55,7371.78
"852",2018-08-27,2780.9,22410.82,7406.25
"853",2018-08-28,2777.98,22601.77,7508.59
"854",2018-08-29,2769.3,22799.64,7400.75
"855",2018-08-30,2737.74,22813.47,7296.78
"856",2018-08-31,2725.25,22848.22,7193.1
"857",2018-09-03,2720.73,22869.5,7231.98
"858",2018-09-04,2750.58,22865.15,7272.89
"859",2018-09-05,2704.34,22707.38,7372.15
"860",2018-09-06,2691.59,22696.9,7395.49
"861",2018-09-07,2702.3,22580.83,7438.99
"862",2018-09-10,2669.49,22487.94,7462.65
"863",2018-09-11,2664.8,22307.06,7469.55
"864",2018-09-12,2656.11,22373.09,7466.96
"865",2018-09-13,2686.58,22664.69,7408.3
"866",2018-09-14,2681.64,22604.61,7401.17
"867",2018-09-17,2651.79,22821.32,7447.17
"868",2018-09-18,2699.95,23094.67,7354.66
"869",2018-09-19,2730.85,23420.54,7374.29
"870",2018-09-20,2729.24,23672.52,7377.54
"871",2018-09-21,2797.49,23674.93,7371.42
"872",2018-09-25,2781.14,23869.93,7397.23
"873",2018-09-26,2806.81,23940.26,7424.6
"874",2018-09-27,2791.78,24033.79,7413.84
"875",2018-09-28,2821.35,23796.74,7485.4
"876",2018-10-08,2716.51,24120.04,7559.13
"877",2018-10-09,2721.01,24245.76,7570.25
"878",2018-10-10,2725.84,24270.62,7660.18
"879",2018-10-11,2583.46,24110.96,7642.67
"880",2018-10-12,2606.91,23975.62,7654.55
"881",2018-10-15,2568.1,23783.72,7622.32
"882",2018-10-16,2546.33,23469.39,7523.26
"883",2018-10-17,2561.61,23506.04,7453.17
"884",2018-10-18,2486.42,22590.86,7430.26
"885",2018-10-19,2550.47,22694.66,7447.68
"886",2018-10-22,2654.88,22271.3,7507.87
"887",2018-10-23,2594.83,22549.24,7488.06
"888",2018-10-24,2603.3,22841.12,7561.69
"889",2018-10-25,2603.8,22658.16,7545.5
"890",2018-10-26,2598.85,22532.08,7434.73
"891",2018-10-29,2542.1,22614.82,7494.4
"892",2018-10-30,2568.05,22010.78,7490.32
"893",2018-10-31,2602.78,22091.18,7569.03
"894",2018-11-01,2606.24,21268.73,7531.07
"895",2018-11-02,2676.48,21184.6,7548.75
"896",2018-11-05,2665.43,21149.8,7563.19
"897",2018-11-06,2659.36,21457.29,7563.09
"898",2018-11-07,2641.34,21920.46,7629.57
"899",2018-11-08,2635.63,21687.65,7627.65
"900",2018-11-09,2598.87,22243.66,7645.45
"901",2018-11-12,2630.52,21898.99,7628.28
"902",2018-11-13,2654.88,22147.75,7637.43
"903",2018-11-14,2632.24,22085.8,7490
"904",2018-11-15,2668.17,22486.92,7399.01
"905",2018-11-16,2679.11,22250.25,7352.82
"906",2018-11-19,2703.51,22269.88,7371.62
"907",2018-11-20,2645.85,21810.52,7044.5
"908",2018-11-21,2651.51,21846.48,6964.03
"909",2018-11-22,2645.43,21803.62,7157.21
"910",2018-11-23,2579.48,21680.34,7068.67
"911",2018-11-26,2575.81,21821.16,7276.43
"912",2018-11-27,2574.68,21583.12,7278.63
"913",2018-11-28,2601.74,21507.54,7116.09
"914",2018-11-29,2567.44,21646.55,7107.23
"915",2018-11-30,2588.19,21812,7141.21
"916",2018-12-03,2654.8,21952.4,7118.67
"917",2018-12-04,2665.96,22177.02,6789.15
"918",2018-12-05,2649.81,22262.6,7016.39
"919",2018-12-06,2605.18,22351.06,6852.4
"920",2018-12-07,2605.89,22574.76,6713.9
"921",2018-12-10,2584.58,22036.05,6810.12
"922",2018-12-11,2594.09,21919.33,6967.1
"923",2018-12-12,2602.15,21501.62,7069.17
"924",2018-12-13,2634.05,21678.68,6965.29
"925",2018-12-14,2593.74,21219.5,6937.09
"926",2018-12-17,2597.97,21148.02,6988.85
"927",2018-12-18,2576.65,21602.75,7203.13
"928",2018-12-19,2549.56,21816.19,7158.59
"929",2018-12-20,2536.27,21374.83,7039.15
"930",2018-12-21,2516.25,21506.88,6829.1
"931",2018-12-24,2527.01,21115.45,6830.91
"932",2018-12-25,2504.82,20987.92,6769.87
"933",2018-12-26,2498.29,20392.58,6890.45
"934",2018-12-27,2483.09,20166.19,6867.02
"935",2018-12-28,2493.9,19155.74,6642.92
"936",2019-01-02,2465.29,19327.06,6526.96
"937",2019-01-03,2464.36,20077.62,6575.66
"938",2019-01-04,2514.87,20014.77,6527.35
"939",2019-01-07,2533.09,19561.96,6678.34
"940",2019-01-08,2526.46,20038.97,6701.04
"941",2019-01-09,2544.34,20204.04,6913.33
"942",2019-01-10,2535.1,20427.06,6892.4
"943",2019-01-11,2553.83,20163.8,6949.01
"944",2019-01-14,2535.77,20359.7,7062.13
"945",2019-01-15,2570.34,20555.29,6795.21
"946",2019-01-16,2570.42,20442.75,6838.85
"947",2019-01-17,2559.64,20402.27,6613.28
"948",2019-01-18,2596.01,20666.07,6682.74
"949",2019-01-21,2610.51,20719.33,6704.24
"950",2019-01-22,2579.7,20622.91,6763.96
"951",2019-01-23,2581,20593.72,6767.97
"952",2019-01-24,2591.69,20574.63,6594.96
"953",2019-01-25,2601.72,20773.56,6448.39
"954",2019-01-28,2596.98,20649,6491.52
"955",2019-01-29,2594.25,20664.64,6342.97
"956",2019-01-30,2575.58,20556.54,6243.19
"957",2019-01-31,2584.57,20773.49,6046.56
"958",2019-02-01,2618.23,20788.39,5899.35
"959",2019-02-11,2653.9,20883.77,6262.77
"960",2019-02-12,2671.89,20844.45,6288.3
"961",2019-02-13,2721.07,20874.06,6285.27
"962",2019-02-14,2719.7,20751.28,6329.97
"963",2019-02-15,2682.39,20333.17,6360.87
"964",2019-02-18,2754.36,20864.21,6147.13
"965",2019-02-19,2755.65,21144.48,6422.67
"966",2019-02-20,2761.22,21139.71,6488.25
"967",2019-02-21,2751.8,20900.63,6551.85
"968",2019-02-22,2804.23,21281.85,6600.69
"969",2019-02-25,2961.28,21302.65,6620.94
"970",2019-02-26,2941.52,21431.49,6601.4
"971",2019-02-27,2953.82,21464.23,6541.04
"972",2019-02-28,2940.95,21425.51,6669.64
"973",2019-03-01,2994.01,21528.23,6668.56
"974",2019-03-04,3027.58,21449.39,6718.45
"975",2019-03-05,3054.25,21556.51,6784.61
"976",2019-03-06,3102.1,21385.16,6646.81
"977",2019-03-07,3106.42,21602.69,6658.76
"978",2019-03-08,2969.86,21822.04,6702.55
"979",2019-03-11,3026.99,21726.28,6787.37
"980",2019-03-12,3060.31,21596.81,6697.09
"981",2019-03-13,3026.95,21456.01,6632.79
"982",2019-03-14,2990.69,21025.56,6807.91
"983",2019-03-15,3021.75,21125.09,6906.84
"984",2019-03-18,3096.42,21503.69,6875.52
"985",2019-03-19,3090.98,21290.24,6959.96
"986",2019-03-20,3090.64,21287.02,7023.52
"987",2019-03-21,3101.46,21450.85,6997.62
"988",2019-03-22,3104.15,21584.5,6904.98
"989",2019-03-25,3043.03,21566.85,6913.13
"990",2019-03-26,2997.1,21608.92,6909.18
"991",2019-03-27,3022.72,21627.34,7014.67
"992",2019-03-28,2994.94,20977.11,7015.88
"993",2019-03-29,3090.76,21428.39,7022.42
"994",2019-04-01,3170.36,21378.73,7055.18
"995",2019-04-02,3176.82,21033.76,7066.61
"996",2019-04-03,3216.3,21205.81,7062.34
"997",2019-04-04,3246.57,21509.03,7035.16
"998",2019-04-08,3244.81,21505.31,7090.63
"999",2019-04-09,3239.66,21713.21,7115.43
"1000",2019-04-10,3241.93,21724.95,7123.22
"1001",2019-04-11,3189.96,21807.5,7117
"1002",2019-04-12,3188.63,21761.65,7097.53
"1003",2019-04-15,3177.79,21802.59,7151.57
"1004",2019-04-16,3253.6,21687.57,7150.83
"1005",2019-04-17,3263.12,21711.38,7156.79
"1006",2019-04-18,3250.2,21870.56,7112.47
"1007",2019-04-19,3270.8,22169.11,7026.88
"1008",2019-04-22,3215.04,22221.66,7015.69
"1009",2019-04-23,3198.59,22277.97,7164.02
"1010",2019-04-24,3201.61,22090.12,7201.28
"1011",2019-04-25,3123.83,22200.56,7256.98
"1012",2019-04-26,3086.4,22217.9,7243.01
"1013",2019-04-29,3062.5,22259.74,7306.99
"1014",2019-04-30,3078.34,22200,7326.28
"1015",2019-05-06,2906.46,22307.58,7349.28
"1016",2019-05-07,2926.39,22258.73,7380.75
"1017",2019-05-08,2893.76,21923.72,7493.27
"1018",2019-05-09,2850.95,21602.59,7326.06
"1019",2019-05-10,2939.21,21402.13,7316.96
"1020",2019-05-13,2903.71,21344.92,7351.15
"1021",2019-05-14,2883.61,21191.28,7308.19
"1022",2019-05-15,2938.68,21067.23,7320.47
"1023",2019-05-16,2955.71,21188.56,7378.77
"1024",2019-05-17,2882.3,21062.98,7478.42
"1025",2019-05-20,2870.6,21250.09,7499.64
"1026",2019-05-21,2905.97,21301.73,7544.97
"1027",2019-05-22,2891.7,21272.45,7540.57
"1028",2019-05-23,2852.52,21283.37,7578.84
"1029",2019-05-24,2852.99,21151.14,7599.74
"1030",2019-05-27,2892.38,21117.22,7568.49
"1031",2019-05-28,2909.91,21182.58,7611.49
"1032",2019-05-29,2914.7,21260.14,7594.89
"1033",2019-05-30,2905.81,21003.37,7628.15
"1034",2019-05-31,2898.7,20942.53,7629.12
"1035",2019-06-03,2890.08,20601.19,7654.73
"1036",2019-06-04,2862.28,20410.88,7680.72
"1037",2019-06-05,2861.42,20408.54,7689.72
"1038",2019-06-06,2827.8,20776.1,7713.49
"1039",2019-06-10,2852.13,20774.04,7810.71
"1040",2019-06-11,2925.72,20884.71,7784.41
"1041",2019-06-12,2909.38,21134.42,7816.92
"1042",2019-06-13,2910.74,21204.28,7826.68
"1043",2019-06-14,2881.97,21129.72,7839.04
"1044",2019-06-17,2887.62,21032,7781.46
"1045",2019-06-18,2890.16,21116.89,7751.85
"1046",2019-06-19,2917.8,21124,7724.06
"1047",2019-06-20,2987.12,20972.71,7845.73
"1048",2019-06-21,3001.98,21333.87,7794.09
"1049",2019-06-24,3008.15,21462.86,7640.15
"1050",2019-06-25,2982.07,21258.64,7617.55
"1051",2019-06-26,2976.28,21285.99,7582.75
"1052",2019-06-27,2996.79,21193.81,7586.53
"1053",2019-06-28,2978.88,21086.59,7324.13
"1054",2019-07-01,3044.9,21338.17,7401.88
"1055",2019-07-02,3043.94,21275.92,7503.25
"1056",2019-07-03,3015.26,21729.97,7580.14
"1057",2019-07-04,3005.25,21754.27,7503.68
"1058",2019-07-05,3011.06,21638.16,7376.7
"1059",2019-07-08,2933.36,21702.45,7451.02
"1060",2019-07-09,2928.23,21746.38,7420.66
"1061",2019-07-10,2915.3,21534.35,7307.93
"1062",2019-07-11,2917.76,21565.15,7300.96
"1063",2019-07-12,2930.55,21533.48,7278.38
"1064",2019-07-15,2942.19,21643.53,7216.86
"1065",2019-07-16,2937.62,21685.9,7245.4
"1066",2019-07-17,2931.69,21535.25,7127.96
"1067",2019-07-18,2901.18,21469.18,6978.02
"1068",2019-07-19,2924.2,21046.24,7166.75
"1069",2019-07-22,2886.97,21466.99,7220.9
"1070",2019-07-23,2899.94,21416.79,7275.93
"1071",2019-07-24,2923.28,21620.88,7417.29
"1072",2019-07-25,2937.36,21709.57,7501.93
"1073",2019-07-26,2944.54,21756.55,7513.85
"1074",2019-07-29,2941.01,21658.15,7472.29
"1075",2019-07-30,2952.34,21616.8,7510.68
"1076",2019-07-31,2932.51,21709.31,7479.11
"1077",2019-08-01,2908.77,21521.53,7526.52
"1078",2019-08-02,2867.84,21540.99,7635.4
"1079",2019-08-05,2821.5,21087.16,7667.74
"1080",2019-08-06,2777.56,20720.29,7738.05
"1081",2019-08-07,2768.68,20585.31,7728.78
"1082",2019-08-08,2794.55,20516.56,7723.02
"1083",2019-08-09,2774.75,20593.35,7591.54
"1084",2019-08-12,2814.99,20684.82,7627.05
"1085",2019-08-13,2797.26,20455.44,7657.05
"1086",2019-08-14,2808.91,20655.13,7671.08
"1087",2019-08-15,2815.8,20405.65,7768.14
"1088",2019-08-16,2823.82,20418.81,7799.82
"1089",2019-08-19,2883.1,20563.16,7819.06
"1090",2019-08-20,2880,20677.22,7841.3
"1091",2019-08-21,2880.33,20618.57,7785.79
"1092",2019-08-22,2883.44,20628.01,7826.86
"1093",2019-08-23,2897.43,20710.91,7903.4
"1094",2019-08-26,2863.57,20261.04,7896.78
"1095",2019-08-27,2902.19,20456.08,7943.24
"1096",2019-08-28,2893.76,20479.42,7966.93
"1097",2019-08-29,2890.92,20460.93,7927.08
"1098",2019-08-30,2886.24,20704.37,7888.76
"1099",2019-09-02,2924.11,20620.19,7904.13
"1100",2019-09-03,2930.15,20625.16,7834.9
"1101",2019-09-04,2957.41,20649.14,7905.12
"1102",2019-09-05,2985.86,21085.94,7954.56
"1103",2019-09-06,2999.6,21199.57,8010.61
"1104",2019-09-09,3024.74,21318.42,7929.87
"1105",2019-09-10,3021.2,21392.1,8016.95
"1106",2019-09-11,3008.81,21597.76,7989.08
"1107",2019-09-12,3031.24,21759.61,7952.47
"1108",2019-09-16,3030.75,21988.29,7848.78
"1109",2019-09-17,2978.12,22001.32,7801.15
"1110",2019-09-18,2985.66,21960.71,7692.8
"1111",2019-09-19,2999.28,22044.45,7415.69
"1112",2019-09-20,3006.45,22079.09,7521.32
"1113",2019-09-23,2977.08,22098.84,7551.9
"1114",2019-09-24,2985.34,22020.15,7724.83
"1115",2019-09-25,2955.43,22048.24,7646.27
"1116",2019-09-26,2929.09,21878.9,7561.68
"1117",2019-09-27,2932.17,21755.84,7728.15
"1118",2019-09-30,2905.19,21885.24,7490.13
"1119",2019-10-08,2913.57,21778.61,7484.89
"1120",2019-10-09,2924.86,21341.74,7604.11
"1121",2019-10-10,2947.71,21410.2,7719.32
"1122",2019-10-11,2973.66,21375.25,7664.47
"1123",2019-10-14,3007.88,21587.78,7733.22
"1124",2019-10-15,2991.05,21456.38,7707.43
"1125",2019-10-16,2978.71,21551.98,7464.99
"1126",2019-10-17,2977.33,21798.87,7575.02
"1127",2019-10-18,2938.14,22207.21,7566.03
"1128",2019-10-21,2939.62,22472.92,7587.9
"1129",2019-10-22,2954.38,22451.86,7702.31
"1130",2019-10-23,2941.62,22492.68,7691
"1131",2019-10-24,2940.92,22548.9,7609.51
"1132",2019-10-25,2954.93,22625.38,7719.25
"1133",2019-10-28,2980.05,22750.6,7862.54
"1134",2019-10-29,2954.18,22799.81,7852.54
"1135",2019-10-30,2939.32,22867.27,7832.4
"1136",2019-10-31,2929.06,22974.13,7814.74
"1137",2019-11-01,2958.2,22843.12,7887.58
"1138",2019-11-04,2975.49,22927.04,7917.34
"1139",2019-11-05,2991.56,22850.77,7892.95
"1140",2019-11-06,2978.6,23251.99,7852.41
"1141",2019-11-07,2978.71,23303.82,7888.79
"1142",2019-11-08,2964.18,23330.32,7888.56
"1143",2019-11-11,2909.97,23391.87,7901.79
"1144",2019-11-12,2914.82,23331.84,7823.55
"1145",2019-11-13,2905.24,23520.01,7818.61
"1146",2019-11-14,2909.87,23319.87,7710.04
"1147",2019-11-15,2891.34,23141.55,7803.54
"1148",2019-11-18,2909.2,23303.32,7771.99
"1149",2019-11-19,2933.99,23416.76,7681.58
"1150",2019-11-20,2911.05,23292.65,7749.45
"1151",2019-11-21,2903.64,23148.57,7684.14
"1152",2019-11-22,2885.29,23038.58,7550.79
"1153",2019-11-25,2906.17,23112.88,7638.39
"1154",2019-11-26,2907.06,23292.81,7754.1
"1155",2019-11-27,2903.19,23373.32,7725.13
"1156",2019-11-28,2889.69,23437.77,7604.27
"1157",2019-11-29,2871.98,23409.14,7690.53
"1158",2019-12-02,2875.81,23293.91,7740.36
"1159",2019-12-03,2884.7,23529.5,7843.88
"1160",2019-12-04,2878.12,23379.81,7842.33
"1161",2019-12-05,2899.47,23135.23,7942.85
"1162",2019-12-06,2912.01,23300.09,7920.21
"1163",2019-12-09,2914.48,23354.4,7942.14
"1164",2019-12-10,2917.32,23430.7,7868.49
"1165",2019-12-11,2924.42,23410.19,7940.33
"1166",2019-12-12,2915.7,23391.86,7874.62
"1167",2019-12-13,2967.68,23424.81,7889.47
"1168",2019-12-16,2984.39,24023.1,7966.72
"1169",2019-12-17,3022.42,23952.35,8029.22
"1170",2019-12-18,3017.04,24066.12,8110.67
"1171",2019-12-19,3017.07,23934.43,8047.51
"1172",2019-12-20,3004.94,23864.85,8083.11
"1173",2019-12-23,2962.75,23816.63,8083.83
"1174",2019-12-24,2982.68,23821.11,8161.17
"1175",2019-12-25,2981.88,23830.58,8210.66
"1176",2019-12-26,3007.35,23782.87,8210.18
"1177",2019-12-27,3005.04,23924.92,8196.03
"1178",2019-12-30,3040.02,23837.72,8219.65
"1179",2019-12-31,3050.12,23656.62,8255.89
"1180",2020-01-02,3085.2,23204.86,8241.91
"1181",2020-01-03,3083.79,23575.72,8263.79
"1182",2020-01-06,3083.41,23204.76,8259.81
"1183",2020-01-07,3104.8,23739.87,8257.83
"1184",2020-01-08,3066.89,23850.57,8315.52
"1185",2020-01-09,3094.88,24025.17,8328.48
"1186",2020-01-10,3092.29,23916.58,8338.74
"1187",2020-01-13,3115.57,23933.13,8283.75
"1188",2020-01-14,3106.82,24041.26,8265.62
"1189",2020-01-15,3090.04,24083.51,8272.05
"1190",2020-01-16,3074.08,23864.56,8371.93
"1191",2020-01-17,3075.5,24031.35,8385.75
"1192",2020-01-20,3095.79,23795.44,8444.71
"1193",2020-01-21,3052.14,23827.18,8403.68
"1194",2020-01-22,3060.75,23343.51,8309.26
"1195",2020-01-23,2976.53,23215.71,8254.74
"1196",2020-02-03,2746.61,23379.4,8296.53
"1197",2020-02-04,2783.29,22977.75,8308.4
"1198",2020-02-05,2818.09,23205.18,8397.37
"1199",2020-02-06,2866.51,22971.94,8362.74
"1200",2020-02-07,2875.96,23084.59,8354.29
"1201",2020-02-10,2890.49,23319.56,8402.61
"1202",2020-02-11,2901.67,23873.59,8466.89
"1203",2020-02-12,2926.9,23827.98,8487.71
"1204",2020-02-13,2906.07,23685.98,8570.33
"1205",2020-02-14,2917.01,23861.21,8575.7
"1206",2020-02-17,2983.62,23827.73,8580.62
"1207",2020-02-18,2984.97,23687.59,8641.29
"1208",2020-02-19,2975.4,23523.24,8678.49
"1209",2020-02-20,3030.15,23193.8,8696.01
"1210",2020-02-21,3039.67,23400.7,8699.51
"1211",2020-02-24,3031.23,23479.15,8778.31
"1212",2020-02-25,3013.05,23386.74,8770.98
"1213",2020-02-26,2987.93,22605.41,8709.73
"1214",2020-02-27,2991.33,22426.19,8733.07
"1215",2020-02-28,2880.3,21948.23,8872.22
"1216",2020-03-02,2970.93,21142.96,8793.9
"1217",2020-03-03,2992.9,21344.08,8848.52
"1218",2020-03-04,3011.67,21082.73,8846.45
"1219",2020-03-05,3071.68,21100.06,8912.37
"1220",2020-03-06,3034.51,21329.12,8989.63
